<?xml version="1.0" encoding="utf-8"?>
<egt>
	<theme>
		<property name="type">DefaultTheme</property>
	</theme>
	<widgets>
		<widget name="Window0" type="TopWindow">
			<property name="pixelformat">argb8888</property>
			<property name="windowhint">automatic</property>
			<property name="show">true</property>
			<property name="width">800</property>
			<property name="height">480</property>
			<property name="fillflags">solid</property>
			<widget name="Startup_screen_window" type="Window">
				<property name="pixelformat">argb8888</property>
				<property name="windowhint">automatic</property>
				<property name="show">true</property>
				<property name="x">1</property>
				<property name="width">800</property>
				<property name="height">481</property>
				<property name="fillflags">solid</property>
				<widget name="ImageLabel54" type="ImageLabel">
					<property name="show">true</property>
					<property name="x">-138</property>
					<property name="y">-259</property>
					<property name="width">1229</property>
					<property name="height">982</property>
					<property name="color" id="bg" group="normal">ffffffff</property>
					<property name="color" id="text" group="normal">000000ff</property>
					<property name="color" id="text_highlight" group="normal">ff69b4ff</property>
					<property name="color" id="cursor" group="normal">ff0000ff</property>
					<property name="color" id="border" group="normal">000000ff</property>
					<property name="color" id="button_bg" group="normal">ed192dff</property>
					<property name="color" id="button_fg" group="normal">ed182dff</property>
					<property name="color" id="button_text" group="normal">ffffffff</property>
					<property name="color" id="label_bg" group="normal">ffffffff</property>
					<property name="color" id="label_text" group="normal">000000ff</property>
					<property name="color" id="bg" group="active">ffffffff</property>
					<property name="color" id="text" group="active">000000ff</property>
					<property name="color" id="text_highlight" group="active">ff69b4ff</property>
					<property name="color" id="cursor" group="active">ff0000ff</property>
					<property name="color" id="border" group="active">ed192dff</property>
					<property name="color" id="button_bg" group="active">c01f2aff</property>
					<property name="color" id="button_fg" group="active">ed192dff</property>
					<property name="color" id="button_text" group="active">ffffffff</property>
					<property name="color" id="label_bg" group="active">ffffffff</property>
					<property name="color" id="label_text" group="active">808080ff</property>
					<property name="color" id="bg" group="disabled">ffffffff</property>
					<property name="color" id="text" group="disabled">989a9aff</property>
					<property name="color" id="text_highlight" group="disabled">ff69b4ff</property>
					<property name="color" id="cursor" group="disabled">ff0000ff</property>
					<property name="color" id="border" group="disabled">cbcecfff</property>
					<property name="color" id="button_bg" group="disabled">cbcecfff</property>
					<property name="color" id="button_fg" group="disabled">cbcecfff</property>
					<property name="color" id="button_text" group="disabled">000000ff</property>
					<property name="color" id="label_bg" group="disabled">ffffffff</property>
					<property name="color" id="label_text" group="disabled">000000ff</property>
					<property name="color" id="bg" group="checked">ffffffff</property>
					<property name="color" id="text" group="checked">000000ff</property>
					<property name="color" id="text_highlight" group="checked">ff69b4ff</property>
					<property name="color" id="cursor" group="checked">ff0000ff</property>
					<property name="color" id="border" group="checked">ed192dff</property>
					<property name="color" id="button_bg" group="checked">ed192dff</property>
					<property name="color" id="button_fg" group="checked">ed192dff</property>
					<property name="color" id="button_text" group="checked">ffffffff</property>
					<property name="color" id="label_bg" group="checked">ed192dff</property>
					<property name="color" id="label_text" group="checked">000000ff</property>
					<property name="text">ImageLabel54</property>
					<property name="text_align">center</property>
					<property name="showlabel">false</property>
					<property name="image" hscale="1.229" vscale="1.23096">file:egt_ressource/start_screen.jpg</property>
					<property name="image_align">center|expand</property>
				</widget>
				<widget name="ImageLogo_screen1" type="ImageLabel">
					<property name="show">true</property>
					<property name="x">3</property>
					<property name="y">-18</property>
					<property name="width">147</property>
					<property name="height">84</property>
					<property name="text">ImageLabel56</property>
					<property name="text_align">center</property>
					<property name="showlabel">false</property>
					<property name="image" hscale="0.408333" vscale="0.416667">file:egt_ressource/mchp_logo.png</property>
					<property name="image_align">center|expand</property>
				</widget>
				<widget name="ImageButton_power_off" type="ImageButton">
					<property name="show">true</property>
					<property name="x">731</property>
					<property name="y">7</property>
					<property name="width">64</property>
					<property name="height">64</property>
					<property name="border_radius">4</property>
					<property name="color" id="bg" group="normal">ffffffff</property>
					<property name="color" id="text" group="normal">000000ff</property>
					<property name="color" id="text_highlight" group="normal">ff69b4ff</property>
					<property name="color" id="cursor" group="normal">ff0000ff</property>
					<property name="color" id="border" group="normal">ed192dff</property>
					<property name="color" id="button_bg" group="normal">000000ff</property>
					<property name="color" id="button_fg" group="normal">ed192dff</property>
					<property name="color" id="button_text" group="normal">ffffffff</property>
					<property name="color" id="label_bg" group="normal">ffffffff</property>
					<property name="color" id="label_text" group="normal">000000ff</property>
					<property name="color" id="bg" group="active">ffffffff</property>
					<property name="color" id="text" group="active">000000ff</property>
					<property name="color" id="text_highlight" group="active">ff69b4ff</property>
					<property name="color" id="cursor" group="active">ff0000ff</property>
					<property name="color" id="border" group="active">ed192dff</property>
					<property name="color" id="button_bg" group="active">c01f2aff</property>
					<property name="color" id="button_fg" group="active">ed192dff</property>
					<property name="color" id="button_text" group="active">ffffffff</property>
					<property name="color" id="label_bg" group="active">ffffffff</property>
					<property name="color" id="label_text" group="active">808080ff</property>
					<property name="color" id="bg" group="disabled">ffffffff</property>
					<property name="color" id="text" group="disabled">989a9aff</property>
					<property name="color" id="text_highlight" group="disabled">ff69b4ff</property>
					<property name="color" id="cursor" group="disabled">ff0000ff</property>
					<property name="color" id="border" group="disabled">cbcecfff</property>
					<property name="color" id="button_bg" group="disabled">cbcecfff</property>
					<property name="color" id="button_fg" group="disabled">cbcecfff</property>
					<property name="color" id="button_text" group="disabled">000000ff</property>
					<property name="color" id="label_bg" group="disabled">ffffffff</property>
					<property name="color" id="label_text" group="disabled">000000ff</property>
					<property name="color" id="bg" group="checked">ffffffff</property>
					<property name="color" id="text" group="checked">000000ff</property>
					<property name="color" id="text_highlight" group="checked">ff69b4ff</property>
					<property name="color" id="cursor" group="checked">ff0000ff</property>
					<property name="color" id="border" group="checked">ed192dff</property>
					<property name="color" id="button_bg" group="checked">ed192dff</property>
					<property name="color" id="button_fg" group="checked">ed192dff</property>
					<property name="color" id="button_text" group="checked">ffffffff</property>
					<property name="color" id="label_bg" group="checked">ed192dff</property>
					<property name="color" id="label_text" group="checked">000000ff</property>
					<property name="text">ImageButton57</property>
					<property name="text_align">center</property>
					<property name="showlabel">false</property>
					<property name="image" hscale="0.125" vscale="0.125">file:egt_ressource/power_off.png</property>
					<property name="image_align">center|expand</property>
				</widget>
				<widget name="Label62" type="Label">
					<property name="show">true</property>
					<property name="x">201</property>
					<property name="y">190</property>
					<property name="width">400</property>
					<property name="height">100</property>
					<property name="border">5</property>
					<property name="border_radius">30</property>
					<property name="fillflags">blend</property>
					<property name="font" weight="normal" slant="normal" size="28,000000">Sans Serif</property>
					<property name="color" id="bg" group="normal">ffffffff</property>
					<property name="color" id="text" group="normal">000000ff</property>
					<property name="color" id="text_highlight" group="normal">ff69b4ff</property>
					<property name="color" id="cursor" group="normal">ff0000ff</property>
					<property name="color" id="border" group="normal">000000ff</property>
					<property name="color" id="button_bg" group="normal">ed192dff</property>
					<property name="color" id="button_fg" group="normal">ed192dff</property>
					<property name="color" id="button_text" group="normal">ffffffff</property>
					<property name="color" id="label_bg" group="normal">000000ff</property>
					<property name="color" id="label_text" group="normal">ffffffff</property>
					<property name="color" id="bg" group="active">ffffffff</property>
					<property name="color" id="text" group="active">000000ff</property>
					<property name="color" id="text_highlight" group="active">ff69b4ff</property>
					<property name="color" id="cursor" group="active">ff0000ff</property>
					<property name="color" id="border" group="active">ed192dff</property>
					<property name="color" id="button_bg" group="active">c01f2aff</property>
					<property name="color" id="button_fg" group="active">ed192dff</property>
					<property name="color" id="button_text" group="active">ffffffff</property>
					<property name="color" id="label_bg" group="active">000000ff</property>
					<property name="color" id="label_text" group="active">808080ff</property>
					<property name="color" id="bg" group="disabled">ffffffff</property>
					<property name="color" id="text" group="disabled">989a9aff</property>
					<property name="color" id="text_highlight" group="disabled">ff69b4ff</property>
					<property name="color" id="cursor" group="disabled">ff0000ff</property>
					<property name="color" id="border" group="disabled">cbcecfff</property>
					<property name="color" id="button_bg" group="disabled">cbcecfff</property>
					<property name="color" id="button_fg" group="disabled">cbcecfff</property>
					<property name="color" id="button_text" group="disabled">000000ff</property>
					<property name="color" id="label_bg" group="disabled">ffffffff</property>
					<property name="color" id="label_text" group="disabled">000000ff</property>
					<property name="color" id="bg" group="checked">ffffffff</property>
					<property name="color" id="text" group="checked">000000ff</property>
					<property name="color" id="text_highlight" group="checked">ff69b4ff</property>
					<property name="color" id="cursor" group="checked">ff0000ff</property>
					<property name="color" id="border" group="checked">ed192dff</property>
					<property name="color" id="button_bg" group="checked">ed192dff</property>
					<property name="color" id="button_fg" group="checked">ed192dff</property>
					<property name="color" id="button_text" group="checked">ffffffff</property>
					<property name="color" id="label_bg" group="checked">ed192dff</property>
					<property name="color" id="label_text" group="checked">000000ff</property>
					<property name="text">Please, plug your car</property>
					<property name="text_align">center_horizontal|top</property>
				</widget>
				<widget name="Label63" type="Label">
					<property name="show">true</property>
					<property name="x">211</property>
					<property name="y">203</property>
					<property name="width">371</property>
					<property name="height">97</property>
					<property name="font" weight="normal" slant="normal" size="28,000000">Sans Serif</property>
					<property name="color" id="bg" group="normal">ffffffff</property>
					<property name="color" id="text" group="normal">000000ff</property>
					<property name="color" id="text_highlight" group="normal">ff69b4ff</property>
					<property name="color" id="cursor" group="normal">ff0000ff</property>
					<property name="color" id="border" group="normal">ed192dff</property>
					<property name="color" id="button_bg" group="normal">ed192dff</property>
					<property name="color" id="button_fg" group="normal">ed192dff</property>
					<property name="color" id="button_text" group="normal">ffffffff</property>
					<property name="color" id="label_bg" group="normal">000000ff</property>
					<property name="color" id="label_text" group="normal">ffffffff</property>
					<property name="color" id="bg" group="active">ffffffff</property>
					<property name="color" id="text" group="active">000000ff</property>
					<property name="color" id="text_highlight" group="active">ff69b4ff</property>
					<property name="color" id="cursor" group="active">ff0000ff</property>
					<property name="color" id="border" group="active">ed192dff</property>
					<property name="color" id="button_bg" group="active">c01f2aff</property>
					<property name="color" id="button_fg" group="active">ed192dff</property>
					<property name="color" id="button_text" group="active">ffffffff</property>
					<property name="color" id="label_bg" group="active">ffffffff</property>
					<property name="color" id="label_text" group="active">808080ff</property>
					<property name="color" id="bg" group="disabled">ffffffff</property>
					<property name="color" id="text" group="disabled">989a9aff</property>
					<property name="color" id="text_highlight" group="disabled">ff69b4ff</property>
					<property name="color" id="cursor" group="disabled">ff0000ff</property>
					<property name="color" id="border" group="disabled">cbcecfff</property>
					<property name="color" id="button_bg" group="disabled">cbcecfff</property>
					<property name="color" id="button_fg" group="disabled">cbcecfff</property>
					<property name="color" id="button_text" group="disabled">000000ff</property>
					<property name="color" id="label_bg" group="disabled">ffffffff</property>
					<property name="color" id="label_text" group="disabled">000000ff</property>
					<property name="color" id="bg" group="checked">ffffffff</property>
					<property name="color" id="text" group="checked">000000ff</property>
					<property name="color" id="text_highlight" group="checked">ff69b4ff</property>
					<property name="color" id="cursor" group="checked">ff0000ff</property>
					<property name="color" id="border" group="checked">ed192dff</property>
					<property name="color" id="button_bg" group="checked">ed192dff</property>
					<property name="color" id="button_fg" group="checked">ed192dff</property>
					<property name="color" id="button_text" group="checked">ffffffff</property>
					<property name="color" id="label_bg" group="checked">ed192dff</property>
					<property name="color" id="label_text" group="checked">000000ff</property>
					<property name="text">and power ON</property>
					<property name="text_align">center</property>
				</widget>
			</widget>
			<widget name="Screen_saver_window" type="Window">
				<property name="pixelformat">argb8888</property>
				<property name="windowhint">automatic</property>
				<property name="show">false</property>
				<property name="x">-1</property>
				<property name="y">-1</property>
				<property name="width">804</property>
				<property name="height">482</property>
				<property name="fillflags">solid</property>
				<widget name="ImageLabel66" type="ImageLabel">
					<property name="show">true</property>
					<property name="x">-174</property>
					<property name="y">-288</property>
					<property name="width">1302</property>
					<property name="height">1015</property>
					<property name="color" id="bg" group="normal">ffffffff</property>
					<property name="color" id="text" group="normal">000000ff</property>
					<property name="color" id="text_highlight" group="normal">ff69b4ff</property>
					<property name="color" id="cursor" group="normal">ff0000ff</property>
					<property name="color" id="border" group="normal">ed192dff</property>
					<property name="color" id="button_bg" group="normal">ed192dff</property>
					<property name="color" id="button_fg" group="normal">ed192dff</property>
					<property name="color" id="button_text" group="normal">ffffffff</property>
					<property name="color" id="label_bg" group="normal">ffffffff</property>
					<property name="color" id="label_text" group="normal">ffffffff</property>
					<property name="color" id="bg" group="active">ffffffff</property>
					<property name="color" id="text" group="active">000000ff</property>
					<property name="color" id="text_highlight" group="active">ff69b4ff</property>
					<property name="color" id="cursor" group="active">ff0000ff</property>
					<property name="color" id="border" group="active">ed192dff</property>
					<property name="color" id="button_bg" group="active">c01f2aff</property>
					<property name="color" id="button_fg" group="active">ed192dff</property>
					<property name="color" id="button_text" group="active">ffffffff</property>
					<property name="color" id="label_bg" group="active">ffffffff</property>
					<property name="color" id="label_text" group="active">808080ff</property>
					<property name="color" id="bg" group="disabled">ffffffff</property>
					<property name="color" id="text" group="disabled">989a9aff</property>
					<property name="color" id="text_highlight" group="disabled">ff69b4ff</property>
					<property name="color" id="cursor" group="disabled">ff0000ff</property>
					<property name="color" id="border" group="disabled">cbcecfff</property>
					<property name="color" id="button_bg" group="disabled">cbcecfff</property>
					<property name="color" id="button_fg" group="disabled">cbcecfff</property>
					<property name="color" id="button_text" group="disabled">000000ff</property>
					<property name="color" id="label_bg" group="disabled">ffffffff</property>
					<property name="color" id="label_text" group="disabled">000000ff</property>
					<property name="color" id="bg" group="checked">ffffffff</property>
					<property name="color" id="text" group="checked">000000ff</property>
					<property name="color" id="text_highlight" group="checked">ff69b4ff</property>
					<property name="color" id="cursor" group="checked">ff0000ff</property>
					<property name="color" id="border" group="checked">ed192dff</property>
					<property name="color" id="button_bg" group="checked">ed192dff</property>
					<property name="color" id="button_fg" group="checked">ed192dff</property>
					<property name="color" id="button_text" group="checked">ffffffff</property>
					<property name="color" id="label_bg" group="checked">ed192dff</property>
					<property name="color" id="label_text" group="checked">000000ff</property>
					<property name="text">ImageLabel66</property>
					<property name="text_align">center</property>
					<property name="showlabel">false</property>
					<property name="image" hscale="1.302" vscale="1.30221">file:egt_ressource/start_screen.jpg</property>
					<property name="image_align">center|expand</property>
				</widget>
				<widget name="Remaining_time_value" type="Label">
					<property name="show">true</property>
					<property name="x">350</property>
					<property name="y">254</property>
					<property name="width">100</property>
					<property name="height">62</property>
					<property name="font" weight="normal" slant="normal" size="28,000000">Sans Serif</property>
					<property name="color" id="bg" group="normal">ffffffff</property>
					<property name="color" id="text" group="normal">ffffffff</property>
					<property name="color" id="text_highlight" group="normal">ff69b4ff</property>
					<property name="color" id="cursor" group="normal">ff0000ff</property>
					<property name="color" id="border" group="normal">ed192dff</property>
					<property name="color" id="button_bg" group="normal">ed192dff</property>
					<property name="color" id="button_fg" group="normal">ed192dff</property>
					<property name="color" id="button_text" group="normal">ffffffff</property>
					<property name="color" id="label_bg" group="normal">ffffffff</property>
					<property name="color" id="label_text" group="normal">ffffffff</property>
					<property name="color" id="bg" group="active">ffffffff</property>
					<property name="color" id="text" group="active">000000ff</property>
					<property name="color" id="text_highlight" group="active">ff69b4ff</property>
					<property name="color" id="cursor" group="active">ff0000ff</property>
					<property name="color" id="border" group="active">ed192dff</property>
					<property name="color" id="button_bg" group="active">c01f2aff</property>
					<property name="color" id="button_fg" group="active">ed192dff</property>
					<property name="color" id="button_text" group="active">ffffffff</property>
					<property name="color" id="label_bg" group="active">ffffffff</property>
					<property name="color" id="label_text" group="active">808080ff</property>
					<property name="color" id="bg" group="disabled">ffffffff</property>
					<property name="color" id="text" group="disabled">989a9aff</property>
					<property name="color" id="text_highlight" group="disabled">ff69b4ff</property>
					<property name="color" id="cursor" group="disabled">ff0000ff</property>
					<property name="color" id="border" group="disabled">cbcecfff</property>
					<property name="color" id="button_bg" group="disabled">cbcecfff</property>
					<property name="color" id="button_fg" group="disabled">cbcecfff</property>
					<property name="color" id="button_text" group="disabled">000000ff</property>
					<property name="color" id="label_bg" group="disabled">ffffffff</property>
					<property name="color" id="label_text" group="disabled">000000ff</property>
					<property name="color" id="bg" group="checked">ffffffff</property>
					<property name="color" id="text" group="checked">000000ff</property>
					<property name="color" id="text_highlight" group="checked">ff69b4ff</property>
					<property name="color" id="cursor" group="checked">ff0000ff</property>
					<property name="color" id="border" group="checked">ed192dff</property>
					<property name="color" id="button_bg" group="checked">ed192dff</property>
					<property name="color" id="button_fg" group="checked">ed192dff</property>
					<property name="color" id="button_text" group="checked">ffffffff</property>
					<property name="color" id="label_bg" group="checked">ed192dff</property>
					<property name="color" id="label_text" group="checked">000000ff</property>
					<property name="text">4h</property>
					<property name="text_align">center</property>
				</widget>
				<widget name="Label_charging_screen2" type="Label">
					<property name="show">true</property>
					<property name="x">201</property>
					<property name="y">175</property>
					<property name="width">400</property>
					<property name="height">130</property>
					<property name="border">5</property>
					<property name="border_radius">30</property>
					<property name="fillflags">blend</property>
					<property name="font" weight="normal" slant="normal" size="28,000000">Sans Serif</property>
					<property name="color" id="bg" group="normal">ffffffff</property>
					<property name="color" id="text" group="normal">000000ff</property>
					<property name="color" id="text_highlight" group="normal">ff69b4ff</property>
					<property name="color" id="cursor" group="normal">000000ff</property>
					<property name="color" id="border" group="normal">000000ff</property>
					<property name="color" id="button_bg" group="normal">ed192dff</property>
					<property name="color" id="button_fg" group="normal">ed192dff</property>
					<property name="color" id="button_text" group="normal">ffffffff</property>
					<property name="color" id="label_bg" group="normal">000000ff</property>
					<property name="color" id="label_text" group="normal">ffffffff</property>
					<property name="color" id="bg" group="active">ffffffff</property>
					<property name="color" id="text" group="active">000000ff</property>
					<property name="color" id="text_highlight" group="active">ff69b4ff</property>
					<property name="color" id="cursor" group="active">ff0000ff</property>
					<property name="color" id="border" group="active">ed192dff</property>
					<property name="color" id="button_bg" group="active">c01f2aff</property>
					<property name="color" id="button_fg" group="active">ed192dff</property>
					<property name="color" id="button_text" group="active">ffffffff</property>
					<property name="color" id="label_bg" group="active">ffffffff</property>
					<property name="color" id="label_text" group="active">808080ff</property>
					<property name="color" id="bg" group="disabled">ffffffff</property>
					<property name="color" id="text" group="disabled">989a9aff</property>
					<property name="color" id="text_highlight" group="disabled">ff69b4ff</property>
					<property name="color" id="cursor" group="disabled">ff0000ff</property>
					<property name="color" id="border" group="disabled">cbcecfff</property>
					<property name="color" id="button_bg" group="disabled">cbcecfff</property>
					<property name="color" id="button_fg" group="disabled">cbcecfff</property>
					<property name="color" id="button_text" group="disabled">000000ff</property>
					<property name="color" id="label_bg" group="disabled">ffffffff</property>
					<property name="color" id="label_text" group="disabled">000000ff</property>
					<property name="color" id="bg" group="checked">ffffffff</property>
					<property name="color" id="text" group="checked">000000ff</property>
					<property name="color" id="text_highlight" group="checked">ff69b4ff</property>
					<property name="color" id="cursor" group="checked">ff0000ff</property>
					<property name="color" id="border" group="checked">ed192dff</property>
					<property name="color" id="button_bg" group="checked">ed192dff</property>
					<property name="color" id="button_fg" group="checked">ed192dff</property>
					<property name="color" id="button_text" group="checked">ffffffff</property>
					<property name="color" id="label_bg" group="checked">ed192dff</property>
					<property name="color" id="label_text" group="checked">000000ff</property>
					<property name="text">Charging...</property>
					<property name="text_align">center_horizontal|top</property>
				</widget>
				<widget name="Label_remaining_screen2" type="Label">
					<property name="show">true</property>
					<property name="x">275</property>
					<property name="y">203</property>
					<property name="width">274</property>
					<property name="height">70</property>
					<property name="font" weight="normal" slant="normal" size="28,000000">Sans Serif</property>
					<property name="color" id="bg" group="normal">ffffffff</property>
					<property name="color" id="text" group="normal">000000ff</property>
					<property name="color" id="text_highlight" group="normal">ff69b4ff</property>
					<property name="color" id="cursor" group="normal">ff0000ff</property>
					<property name="color" id="border" group="normal">000000ff</property>
					<property name="color" id="button_bg" group="normal">000000ff</property>
					<property name="color" id="button_fg" group="normal">ed192dff</property>
					<property name="color" id="button_text" group="normal">ffffffff</property>
					<property name="color" id="label_bg" group="normal">000000ff</property>
					<property name="color" id="label_text" group="normal">ffffffff</property>
					<property name="color" id="bg" group="active">ffffffff</property>
					<property name="color" id="text" group="active">000000ff</property>
					<property name="color" id="text_highlight" group="active">ff69b4ff</property>
					<property name="color" id="cursor" group="active">ff0000ff</property>
					<property name="color" id="border" group="active">ed192dff</property>
					<property name="color" id="button_bg" group="active">c01f2aff</property>
					<property name="color" id="button_fg" group="active">ed192dff</property>
					<property name="color" id="button_text" group="active">ffffffff</property>
					<property name="color" id="label_bg" group="active">ffffffff</property>
					<property name="color" id="label_text" group="active">808080ff</property>
					<property name="color" id="bg" group="disabled">ffffffff</property>
					<property name="color" id="text" group="disabled">989a9aff</property>
					<property name="color" id="text_highlight" group="disabled">ff69b4ff</property>
					<property name="color" id="cursor" group="disabled">ff0000ff</property>
					<property name="color" id="border" group="disabled">cbcecfff</property>
					<property name="color" id="button_bg" group="disabled">cbcecfff</property>
					<property name="color" id="button_fg" group="disabled">cbcecfff</property>
					<property name="color" id="button_text" group="disabled">000000ff</property>
					<property name="color" id="label_bg" group="disabled">ffffffff</property>
					<property name="color" id="label_text" group="disabled">000000ff</property>
					<property name="color" id="bg" group="checked">ffffffff</property>
					<property name="color" id="text" group="checked">000000ff</property>
					<property name="color" id="text_highlight" group="checked">ff69b4ff</property>
					<property name="color" id="cursor" group="checked">ff0000ff</property>
					<property name="color" id="border" group="checked">ed192dff</property>
					<property name="color" id="button_bg" group="checked">ed192dff</property>
					<property name="color" id="button_fg" group="checked">ed192dff</property>
					<property name="color" id="button_text" group="checked">ffffffff</property>
					<property name="color" id="label_bg" group="checked">ed192dff</property>
					<property name="color" id="label_text" group="checked">000000ff</property>
					<property name="text">Remaining Time</property>
					<property name="text_align">center</property>
				</widget>
				<widget name="Screen_saver_ProgressBar" type="ProgressBar">
					<property name="show">true</property>
					<property name="x">310</property>
					<property name="y">361</property>
					<property name="width">137</property>
					<property name="height">55</property>
					<property name="autoresize">false</property>
					<property name="no_layout">true</property>
					<property name="value" starting="0" ending="100">50</property>
					<property name="show_label">false</property>
				</widget>
				<widget name="Battery_charged_value_screen_saver" type="Label">
					<property name="show">true</property>
					<property name="x">480</property>
					<property name="y">336</property>
					<property name="width">114</property>
					<property name="height">100</property>
					<property name="border_radius">30</property>
					<property name="fillflags">blend</property>
					<property name="font" weight="normal" slant="normal" size="28,000000">Sans Serif</property>
					<property name="color" id="bg" group="normal">ffffffff</property>
					<property name="color" id="text" group="normal">000000ff</property>
					<property name="color" id="text_highlight" group="normal">ff69b4ff</property>
					<property name="color" id="cursor" group="normal">ff0000ff</property>
					<property name="color" id="border" group="normal">ed192dff</property>
					<property name="color" id="button_bg" group="normal">ed192dff</property>
					<property name="color" id="button_fg" group="normal">ed192dff</property>
					<property name="color" id="button_text" group="normal">ffffffff</property>
					<property name="color" id="label_bg" group="normal">000000ff</property>
					<property name="color" id="label_text" group="normal">ffffffff</property>
					<property name="color" id="bg" group="active">ffffffff</property>
					<property name="color" id="text" group="active">000000ff</property>
					<property name="color" id="text_highlight" group="active">ff69b4ff</property>
					<property name="color" id="cursor" group="active">ff0000ff</property>
					<property name="color" id="border" group="active">ed192dff</property>
					<property name="color" id="button_bg" group="active">c01f2aff</property>
					<property name="color" id="button_fg" group="active">ed192dff</property>
					<property name="color" id="button_text" group="active">ffffffff</property>
					<property name="color" id="label_bg" group="active">ffffffff</property>
					<property name="color" id="label_text" group="active">808080ff</property>
					<property name="color" id="bg" group="disabled">ffffffff</property>
					<property name="color" id="text" group="disabled">989a9aff</property>
					<property name="color" id="text_highlight" group="disabled">ff69b4ff</property>
					<property name="color" id="cursor" group="disabled">ff0000ff</property>
					<property name="color" id="border" group="disabled">cbcecfff</property>
					<property name="color" id="button_bg" group="disabled">cbcecfff</property>
					<property name="color" id="button_fg" group="disabled">cbcecfff</property>
					<property name="color" id="button_text" group="disabled">000000ff</property>
					<property name="color" id="label_bg" group="disabled">ffffffff</property>
					<property name="color" id="label_text" group="disabled">000000ff</property>
					<property name="color" id="bg" group="checked">ffffffff</property>
					<property name="color" id="text" group="checked">000000ff</property>
					<property name="color" id="text_highlight" group="checked">ff69b4ff</property>
					<property name="color" id="cursor" group="checked">ff0000ff</property>
					<property name="color" id="border" group="checked">ed192dff</property>
					<property name="color" id="button_bg" group="checked">ed192dff</property>
					<property name="color" id="button_fg" group="checked">ed192dff</property>
					<property name="color" id="button_text" group="checked">ffffffff</property>
					<property name="color" id="label_bg" group="checked">ed192dff</property>
					<property name="color" id="label_text" group="checked">000000ff</property>
					<property name="text">25%</property>
					<property name="text_align">center</property>
				</widget>
				<widget name="ImageLabel57" type="ImageLabel">
					<property name="show">true</property>
					<property name="x">13</property>
					<property name="y">-20</property>
					<property name="width">147</property>
					<property name="height">84</property>
					<property name="text">ImageLabel57</property>
					<property name="text_align">center</property>
					<property name="showlabel">false</property>
					<property name="image" hscale="0.408333" vscale="0.416667">file:egt_ressource/mchp_logo.png</property>
					<property name="image_align">center|expand</property>
				</widget>
				<widget name="ImageLabel58" type="ImageLabel">
					<property name="show">true</property>
					<property name="x">217</property>
					<property name="y">293</property>
					<property name="width">329</property>
					<property name="height">194</property>
					<property name="text">ImageLabel58</property>
					<property name="text_align">center</property>
					<property name="showlabel">false</property>
					<property name="image" hscale="0.266758" vscale="0.26539">file:egt_ressource/Battery_horizontal.png</property>
					<property name="image_align">center|expand</property>
				</widget>
			</widget>
			<widget name="Main_screen_window" type="Window">
				<property name="pixelformat">argb8888</property>
				<property name="windowhint">automatic</property>
				<property name="show">false</property>
				<property name="width">800</property>
				<property name="height">480</property>
				<property name="align">expand</property>
				<property name="border_radius">30</property>
				<property name="fillflags">solid</property>
				<property name="color" id="bg" group="normal">ffffffff</property>
				<property name="color" id="text" group="normal">000000ff</property>
				<property name="color" id="text_highlight" group="normal">ff69b4ff</property>
				<property name="color" id="cursor" group="normal">ff0000ff</property>
				<property name="color" id="border" group="normal">c0c0c0ff</property>
				<property name="color" id="button_bg" group="normal">ed192dff</property>
				<property name="color" id="button_fg" group="normal">ed192dff</property>
				<property name="color" id="button_text" group="normal">ffffffff</property>
				<property name="color" id="label_bg" group="normal">ffffffff</property>
				<property name="color" id="label_text" group="normal">ffffffff</property>
				<property name="color" id="bg" group="active">ffffffff</property>
				<property name="color" id="text" group="active">000000ff</property>
				<property name="color" id="text_highlight" group="active">ff69b4ff</property>
				<property name="color" id="cursor" group="active">ff0000ff</property>
				<property name="color" id="border" group="active">ed192dff</property>
				<property name="color" id="button_bg" group="active">c01f2aff</property>
				<property name="color" id="button_fg" group="active">ed192dff</property>
				<property name="color" id="button_text" group="active">ffffffff</property>
				<property name="color" id="label_bg" group="active">ffffffff</property>
				<property name="color" id="label_text" group="active">808080ff</property>
				<property name="color" id="bg" group="disabled">ffffffff</property>
				<property name="color" id="text" group="disabled">989a9aff</property>
				<property name="color" id="text_highlight" group="disabled">ff69b4ff</property>
				<property name="color" id="cursor" group="disabled">ff0000ff</property>
				<property name="color" id="border" group="disabled">cbcecfff</property>
				<property name="color" id="button_bg" group="disabled">cbcecfff</property>
				<property name="color" id="button_fg" group="disabled">cbcecfff</property>
				<property name="color" id="button_text" group="disabled">000000ff</property>
				<property name="color" id="label_bg" group="disabled">ffffffff</property>
				<property name="color" id="label_text" group="disabled">000000ff</property>
				<property name="color" id="bg" group="checked">ffffffff</property>
				<property name="color" id="text" group="checked">000000ff</property>
				<property name="color" id="text_highlight" group="checked">ff69b4ff</property>
				<property name="color" id="cursor" group="checked">ff0000ff</property>
				<property name="color" id="border" group="checked">ed192dff</property>
				<property name="color" id="button_bg" group="checked">ed192dff</property>
				<property name="color" id="button_fg" group="checked">ed192dff</property>
				<property name="color" id="button_text" group="checked">ffffffff</property>
				<property name="color" id="label_bg" group="checked">ed192dff</property>
				<property name="color" id="label_text" group="checked">000000ff</property>
				<widget name="Background_screen0" type="ImageLabel">
					<property name="show">true</property>
					<property name="y">-47</property>
					<property name="width">800</property>
					<property name="height">574</property>
					<property name="align">center</property>
					<property name="text">ImageLabel5</property>
					<property name="text_align">center</property>
					<property name="showlabel">false</property>
					<property name="image" hscale="0.8" vscale="0.836237" keep_image_ratio="false">file:egt_ressource/background.png</property>
					<property name="image_align">center</property>
				</widget>
				<widget name="ImageButtonPlus" type="ImageButton">
					<property name="show">true</property>
					<property name="x">681</property>
					<property name="y">316</property>
					<property name="width">159</property>
					<property name="height">64</property>
					<property name="border_radius">4</property>
					<property name="text">ImageButton6</property>
					<property name="text_align">center</property>
					<property name="showlabel">false</property>
					<property name="image" hscale="0.125" vscale="0.125">file:egt_ressource/plus.png</property>
					<property name="image_align">center|expand</property>
				</widget>
				<widget name="ImageButtonMinus" type="ImageButton">
					<property name="show">true</property>
					<property name="x">683</property>
					<property name="y">390</property>
					<property name="width">159</property>
					<property name="height">64</property>
					<property name="border_radius">4</property>
					<property name="text">ImageButton7</property>
					<property name="text_align">center</property>
					<property name="showlabel">false</property>
					<property name="image" hscale="0.125" vscale="0.125">file:egt_ressource/minus.png</property>
					<property name="image_align">center|expand</property>
				</widget>
				<widget name="Battery_ProgressBar" type="ProgressBar">
					<property name="show">true</property>
					<property name="x">578</property>
					<property name="y">369</property>
					<property name="width">108</property>
					<property name="height">46</property>
					<property name="autoresize">false</property>
					<property name="no_layout">true</property>
					<property name="value" starting="0" ending="100">50</property>
					<property name="show_label">false</property>
				</widget>
				<widget name="LineWidgetlineV1" type="LineWidget">
					<property name="show">true</property>
					<property name="x">40</property>
					<property name="y">335</property>
					<property name="width">100</property>
					<property name="height">104</property>
					<property name="border">5</property>
					<property name="color" id="bg" group="normal">ffffffff</property>
					<property name="color" id="text" group="normal">000000ff</property>
					<property name="color" id="text_highlight" group="normal">ff69b4ff</property>
					<property name="color" id="cursor" group="normal">ff0000ff</property>
					<property name="color" id="border" group="normal">ffffffff</property>
					<property name="color" id="button_bg" group="normal">ffffffff</property>
					<property name="color" id="button_fg" group="normal">ffffffff</property>
					<property name="color" id="button_text" group="normal">ffffffff</property>
					<property name="color" id="label_bg" group="normal">ffffffff</property>
					<property name="color" id="label_text" group="normal">000000ff</property>
					<property name="color" id="bg" group="active">ffffffff</property>
					<property name="color" id="text" group="active">000000ff</property>
					<property name="color" id="text_highlight" group="active">ff69b4ff</property>
					<property name="color" id="cursor" group="active">ff0000ff</property>
					<property name="color" id="border" group="active">ed192dff</property>
					<property name="color" id="button_bg" group="active">c01f2aff</property>
					<property name="color" id="button_fg" group="active">ed192dff</property>
					<property name="color" id="button_text" group="active">ffffffff</property>
					<property name="color" id="label_bg" group="active">ffffffff</property>
					<property name="color" id="label_text" group="active">808080ff</property>
					<property name="color" id="bg" group="disabled">ffffffff</property>
					<property name="color" id="text" group="disabled">989a9aff</property>
					<property name="color" id="text_highlight" group="disabled">ff69b4ff</property>
					<property name="color" id="cursor" group="disabled">ff0000ff</property>
					<property name="color" id="border" group="disabled">cbcecfff</property>
					<property name="color" id="button_bg" group="disabled">cbcecfff</property>
					<property name="color" id="button_fg" group="disabled">cbcecfff</property>
					<property name="color" id="button_text" group="disabled">000000ff</property>
					<property name="color" id="label_bg" group="disabled">ffffffff</property>
					<property name="color" id="label_text" group="disabled">000000ff</property>
					<property name="color" id="bg" group="checked">ffffffff</property>
					<property name="color" id="text" group="checked">000000ff</property>
					<property name="color" id="text_highlight" group="checked">ff69b4ff</property>
					<property name="color" id="cursor" group="checked">ff0000ff</property>
					<property name="color" id="border" group="checked">ed192dff</property>
					<property name="color" id="button_bg" group="checked">ed192dff</property>
					<property name="color" id="button_fg" group="checked">ed192dff</property>
					<property name="color" id="button_text" group="checked">ffffffff</property>
					<property name="color" id="label_bg" group="checked">ed192dff</property>
					<property name="color" id="label_text" group="checked">000000ff</property>
					<property name="horizontal">false</property>
				</widget>
				<widget name="Label11" type="Label">
					<property name="show">true</property>
					<property name="x">92</property>
					<property name="y">338</property>
					<property name="width">71</property>
					<property name="height">32</property>
					<property name="color" id="bg" group="normal">ffffffff</property>
					<property name="color" id="text" group="normal">ffffffff</property>
					<property name="color" id="text_highlight" group="normal">ff6ab3ff</property>
					<property name="color" id="cursor" group="normal">ff0000ff</property>
					<property name="color" id="border" group="normal">ed192dff</property>
					<property name="color" id="button_bg" group="normal">ed192dff</property>
					<property name="color" id="button_fg" group="normal">ed192dff</property>
					<property name="color" id="button_text" group="normal">ffffffff</property>
					<property name="color" id="label_bg" group="normal">ffffffff</property>
					<property name="color" id="label_text" group="normal">ffffffff</property>
					<property name="color" id="bg" group="active">ffffffff</property>
					<property name="color" id="text" group="active">000000ff</property>
					<property name="color" id="text_highlight" group="active">ff69b4ff</property>
					<property name="color" id="cursor" group="active">ff0000ff</property>
					<property name="color" id="border" group="active">ed192dff</property>
					<property name="color" id="button_bg" group="active">c01f2aff</property>
					<property name="color" id="button_fg" group="active">ed192dff</property>
					<property name="color" id="button_text" group="active">ffffffff</property>
					<property name="color" id="label_bg" group="active">ffffffff</property>
					<property name="color" id="label_text" group="active">808080ff</property>
					<property name="color" id="bg" group="disabled">ffffffff</property>
					<property name="color" id="text" group="disabled">989a9aff</property>
					<property name="color" id="text_highlight" group="disabled">ff69b4ff</property>
					<property name="color" id="cursor" group="disabled">ff0000ff</property>
					<property name="color" id="border" group="disabled">cbcecfff</property>
					<property name="color" id="button_bg" group="disabled">cbcecfff</property>
					<property name="color" id="button_fg" group="disabled">cbcecfff</property>
					<property name="color" id="button_text" group="disabled">000000ff</property>
					<property name="color" id="label_bg" group="disabled">ffffffff</property>
					<property name="color" id="label_text" group="disabled">000000ff</property>
					<property name="color" id="bg" group="checked">ffffffff</property>
					<property name="color" id="text" group="checked">000000ff</property>
					<property name="color" id="text_highlight" group="checked">ff69b4ff</property>
					<property name="color" id="cursor" group="checked">ff0000ff</property>
					<property name="color" id="border" group="checked">ed192dff</property>
					<property name="color" id="button_bg" group="checked">ed192dff</property>
					<property name="color" id="button_fg" group="checked">ed192dff</property>
					<property name="color" id="button_text" group="checked">ffffffff</property>
					<property name="color" id="label_bg" group="checked">ed192dff</property>
					<property name="color" id="label_text" group="checked">000000ff</property>
					<property name="text">Output</property>
					<property name="text_align">center</property>
				</widget>
				<widget name="Imagebattery_screen0" type="ImageLabel">
					<property name="show">true</property>
					<property name="x">562</property>
					<property name="y">313</property>
					<property name="width">157</property>
					<property name="height">190</property>
					<property name="text">ImageLabel13</property>
					<property name="text_align">center</property>
					<property name="showlabel">false</property>
					<property name="image" hscale="0.214481" vscale="0.214481">file:egt_ressource/Battery_horizontal.png</property>
					<property name="image_align">top|expand</property>
				</widget>
				<widget name="ImageLogo_screen0" type="ImageLabel">
					<property name="show">true</property>
					<property name="x">13</property>
					<property name="y">-20</property>
					<property name="width">147</property>
					<property name="height">84</property>
					<property name="text">ImageLabel14</property>
					<property name="text_align">center</property>
					<property name="showlabel">false</property>
					<property name="image" hscale="0.407202" vscale="0.416667">file:egt_ressource/mchp_logo.png</property>
					<property name="image_align">center|expand</property>
				</widget>
				<widget name="Labeltitle" type="Label">
					<property name="show">true</property>
					<property name="x">176</property>
					<property name="y">2</property>
					<property name="width">134</property>
					<property name="height">51</property>
					<property name="color" id="bg" group="normal">ffffffff</property>
					<property name="color" id="text" group="normal">000000ff</property>
					<property name="color" id="text_highlight" group="normal">ff69b4ff</property>
					<property name="color" id="cursor" group="normal">ff0000ff</property>
					<property name="color" id="border" group="normal">ed192dff</property>
					<property name="color" id="button_bg" group="normal">ed192dff</property>
					<property name="color" id="button_fg" group="normal">ed192dff</property>
					<property name="color" id="button_text" group="normal">ffffffff</property>
					<property name="color" id="label_bg" group="normal">ffffffff</property>
					<property name="color" id="label_text" group="normal">ffffffff</property>
					<property name="color" id="bg" group="active">ffffffff</property>
					<property name="color" id="text" group="active">000000ff</property>
					<property name="color" id="text_highlight" group="active">ff69b4ff</property>
					<property name="color" id="cursor" group="active">ff0000ff</property>
					<property name="color" id="border" group="active">ed192dff</property>
					<property name="color" id="button_bg" group="active">c01f2aff</property>
					<property name="color" id="button_fg" group="active">ed192dff</property>
					<property name="color" id="button_text" group="active">ffffffff</property>
					<property name="color" id="label_bg" group="active">ffffffff</property>
					<property name="color" id="label_text" group="active">808080ff</property>
					<property name="color" id="bg" group="disabled">ffffffff</property>
					<property name="color" id="text" group="disabled">989a9aff</property>
					<property name="color" id="text_highlight" group="disabled">ff69b4ff</property>
					<property name="color" id="cursor" group="disabled">ff0000ff</property>
					<property name="color" id="border" group="disabled">cbcecfff</property>
					<property name="color" id="button_bg" group="disabled">cbcecfff</property>
					<property name="color" id="button_fg" group="disabled">cbcecfff</property>
					<property name="color" id="button_text" group="disabled">000000ff</property>
					<property name="color" id="label_bg" group="disabled">ffffffff</property>
					<property name="color" id="label_text" group="disabled">000000ff</property>
					<property name="color" id="bg" group="checked">ffffffff</property>
					<property name="color" id="text" group="checked">000000ff</property>
					<property name="color" id="text_highlight" group="checked">ff69b4ff</property>
					<property name="color" id="cursor" group="checked">ff0000ff</property>
					<property name="color" id="border" group="checked">ed192dff</property>
					<property name="color" id="button_bg" group="checked">ed192dff</property>
					<property name="color" id="button_fg" group="checked">ed192dff</property>
					<property name="color" id="button_text" group="checked">ffffffff</property>
					<property name="color" id="label_bg" group="checked">ed192dff</property>
					<property name="color" id="label_text" group="checked">000000ff</property>
					<property name="text">EV Charging</property>
					<property name="text_align">center</property>
				</widget>
				<widget name="LineWidgetLineH1" type="LineWidget">
					<property name="show">true</property>
					<property name="x">296</property>
					<property name="y">1</property>
					<property name="width">25</property>
					<property name="height">51</property>
					<property name="border">5</property>
					<property name="color" id="bg" group="normal">ffffffff</property>
					<property name="color" id="text" group="normal">000000ff</property>
					<property name="color" id="text_highlight" group="normal">ff69b4ff</property>
					<property name="color" id="cursor" group="normal">ff0000ff</property>
					<property name="color" id="border" group="normal">ffffffff</property>
					<property name="color" id="button_bg" group="normal">ffffffff</property>
					<property name="color" id="button_fg" group="normal">ffffffff</property>
					<property name="color" id="button_text" group="normal">ffffffff</property>
					<property name="color" id="label_bg" group="normal">ffffffff</property>
					<property name="color" id="label_text" group="normal">000000ff</property>
					<property name="color" id="bg" group="active">ffffffff</property>
					<property name="color" id="text" group="active">000000ff</property>
					<property name="color" id="text_highlight" group="active">ff69b4ff</property>
					<property name="color" id="cursor" group="active">ff0000ff</property>
					<property name="color" id="border" group="active">ed192dff</property>
					<property name="color" id="button_bg" group="active">c01f2aff</property>
					<property name="color" id="button_fg" group="active">ed192dff</property>
					<property name="color" id="button_text" group="active">ffffffff</property>
					<property name="color" id="label_bg" group="active">ffffffff</property>
					<property name="color" id="label_text" group="active">808080ff</property>
					<property name="color" id="bg" group="disabled">ffffffff</property>
					<property name="color" id="text" group="disabled">989a9aff</property>
					<property name="color" id="text_highlight" group="disabled">ff69b4ff</property>
					<property name="color" id="cursor" group="disabled">ff0000ff</property>
					<property name="color" id="border" group="disabled">cbcecfff</property>
					<property name="color" id="button_bg" group="disabled">cbcecfff</property>
					<property name="color" id="button_fg" group="disabled">cbcecfff</property>
					<property name="color" id="button_text" group="disabled">000000ff</property>
					<property name="color" id="label_bg" group="disabled">ffffffff</property>
					<property name="color" id="label_text" group="disabled">000000ff</property>
					<property name="color" id="bg" group="checked">ffffffff</property>
					<property name="color" id="text" group="checked">000000ff</property>
					<property name="color" id="text_highlight" group="checked">ff69b4ff</property>
					<property name="color" id="cursor" group="checked">ff0000ff</property>
					<property name="color" id="border" group="checked">ed192dff</property>
					<property name="color" id="button_bg" group="checked">ed192dff</property>
					<property name="color" id="button_fg" group="checked">ed192dff</property>
					<property name="color" id="button_text" group="checked">ffffffff</property>
					<property name="color" id="label_bg" group="checked">ed192dff</property>
					<property name="color" id="label_text" group="checked">000000ff</property>
				</widget>
				<widget name="Date_value" type="Label">
					<property name="show">true</property>
					<property name="x">331</property>
					<property name="y">2</property>
					<property name="width">141</property>
					<property name="height">51</property>
					<property name="color" id="bg" group="normal">ffffffff</property>
					<property name="color" id="text" group="normal">000000ff</property>
					<property name="color" id="text_highlight" group="normal">ff69b4ff</property>
					<property name="color" id="cursor" group="normal">ff0000ff</property>
					<property name="color" id="border" group="normal">ed192dff</property>
					<property name="color" id="button_bg" group="normal">ed192dff</property>
					<property name="color" id="button_fg" group="normal">ed192dff</property>
					<property name="color" id="button_text" group="normal">ffffffff</property>
					<property name="color" id="label_bg" group="normal">ffffffff</property>
					<property name="color" id="label_text" group="normal">ffffffff</property>
					<property name="color" id="bg" group="active">ffffffff</property>
					<property name="color" id="text" group="active">000000ff</property>
					<property name="color" id="text_highlight" group="active">ff69b4ff</property>
					<property name="color" id="cursor" group="active">ff0000ff</property>
					<property name="color" id="border" group="active">ed192dff</property>
					<property name="color" id="button_bg" group="active">c01f2aff</property>
					<property name="color" id="button_fg" group="active">ed192dff</property>
					<property name="color" id="button_text" group="active">ffffffff</property>
					<property name="color" id="label_bg" group="active">ffffffff</property>
					<property name="color" id="label_text" group="active">808080ff</property>
					<property name="color" id="bg" group="disabled">ffffffff</property>
					<property name="color" id="text" group="disabled">989a9aff</property>
					<property name="color" id="text_highlight" group="disabled">ff69b4ff</property>
					<property name="color" id="cursor" group="disabled">ff0000ff</property>
					<property name="color" id="border" group="disabled">cbcecfff</property>
					<property name="color" id="button_bg" group="disabled">cbcecfff</property>
					<property name="color" id="button_fg" group="disabled">cbcecfff</property>
					<property name="color" id="button_text" group="disabled">000000ff</property>
					<property name="color" id="label_bg" group="disabled">ffffffff</property>
					<property name="color" id="label_text" group="disabled">000000ff</property>
					<property name="color" id="bg" group="checked">ffffffff</property>
					<property name="color" id="text" group="checked">000000ff</property>
					<property name="color" id="text_highlight" group="checked">ff69b4ff</property>
					<property name="color" id="cursor" group="checked">ff0000ff</property>
					<property name="color" id="border" group="checked">ed192dff</property>
					<property name="color" id="button_bg" group="checked">ed192dff</property>
					<property name="color" id="button_fg" group="checked">ed192dff</property>
					<property name="color" id="button_text" group="checked">ffffffff</property>
					<property name="color" id="label_bg" group="checked">ed192dff</property>
					<property name="color" id="label_text" group="checked">000000ff</property>
					<property name="text">DATE</property>
					<property name="text_align">center</property>
				</widget>
				<widget name="LineWidgetLineH2" type="LineWidget">
					<property name="show">true</property>
					<property name="x">512</property>
					<property name="y">1</property>
					<property name="width">25</property>
					<property name="height">51</property>
					<property name="border">5</property>
					<property name="color" id="bg" group="normal">ffffffff</property>
					<property name="color" id="text" group="normal">000000ff</property>
					<property name="color" id="text_highlight" group="normal">ff69b4ff</property>
					<property name="color" id="cursor" group="normal">ff0000ff</property>
					<property name="color" id="border" group="normal">ffffffff</property>
					<property name="color" id="button_bg" group="normal">ed192dff</property>
					<property name="color" id="button_fg" group="normal">ed192dff</property>
					<property name="color" id="button_text" group="normal">ffffffff</property>
					<property name="color" id="label_bg" group="normal">ffffffff</property>
					<property name="color" id="label_text" group="normal">000000ff</property>
					<property name="color" id="bg" group="active">ffffffff</property>
					<property name="color" id="text" group="active">000000ff</property>
					<property name="color" id="text_highlight" group="active">ff69b4ff</property>
					<property name="color" id="cursor" group="active">ff0000ff</property>
					<property name="color" id="border" group="active">ed192dff</property>
					<property name="color" id="button_bg" group="active">c01f2aff</property>
					<property name="color" id="button_fg" group="active">ed192dff</property>
					<property name="color" id="button_text" group="active">ffffffff</property>
					<property name="color" id="label_bg" group="active">ffffffff</property>
					<property name="color" id="label_text" group="active">808080ff</property>
					<property name="color" id="bg" group="disabled">ffffffff</property>
					<property name="color" id="text" group="disabled">989a9aff</property>
					<property name="color" id="text_highlight" group="disabled">ff69b4ff</property>
					<property name="color" id="cursor" group="disabled">ff0000ff</property>
					<property name="color" id="border" group="disabled">cbcecfff</property>
					<property name="color" id="button_bg" group="disabled">cbcecfff</property>
					<property name="color" id="button_fg" group="disabled">cbcecfff</property>
					<property name="color" id="button_text" group="disabled">000000ff</property>
					<property name="color" id="label_bg" group="disabled">ffffffff</property>
					<property name="color" id="label_text" group="disabled">000000ff</property>
					<property name="color" id="bg" group="checked">ffffffff</property>
					<property name="color" id="text" group="checked">000000ff</property>
					<property name="color" id="text_highlight" group="checked">ff69b4ff</property>
					<property name="color" id="cursor" group="checked">ff0000ff</property>
					<property name="color" id="border" group="checked">ed192dff</property>
					<property name="color" id="button_bg" group="checked">ed192dff</property>
					<property name="color" id="button_fg" group="checked">ed192dff</property>
					<property name="color" id="button_text" group="checked">ffffffff</property>
					<property name="color" id="label_bg" group="checked">ed192dff</property>
					<property name="color" id="label_text" group="checked">000000ff</property>
				</widget>
				<widget name="Time_value" type="Label">
					<property name="show">true</property>
					<property name="x">540</property>
					<property name="y">2</property>
					<property name="width">100</property>
					<property name="height">51</property>
					<property name="color" id="bg" group="normal">ffffffff</property>
					<property name="color" id="text" group="normal">000000ff</property>
					<property name="color" id="text_highlight" group="normal">ff69b4ff</property>
					<property name="color" id="cursor" group="normal">ff0000ff</property>
					<property name="color" id="border" group="normal">ed192dff</property>
					<property name="color" id="button_bg" group="normal">ed192dff</property>
					<property name="color" id="button_fg" group="normal">ed192dff</property>
					<property name="color" id="button_text" group="normal">ffffffff</property>
					<property name="color" id="label_bg" group="normal">ffffffff</property>
					<property name="color" id="label_text" group="normal">ffffffff</property>
					<property name="color" id="bg" group="active">ffffffff</property>
					<property name="color" id="text" group="active">000000ff</property>
					<property name="color" id="text_highlight" group="active">ff69b4ff</property>
					<property name="color" id="cursor" group="active">ff0000ff</property>
					<property name="color" id="border" group="active">ed192dff</property>
					<property name="color" id="button_bg" group="active">c01f2aff</property>
					<property name="color" id="button_fg" group="active">ed192dff</property>
					<property name="color" id="button_text" group="active">ffffffff</property>
					<property name="color" id="label_bg" group="active">ffffffff</property>
					<property name="color" id="label_text" group="active">808080ff</property>
					<property name="color" id="bg" group="disabled">ffffffff</property>
					<property name="color" id="text" group="disabled">989a9aff</property>
					<property name="color" id="text_highlight" group="disabled">ff69b4ff</property>
					<property name="color" id="cursor" group="disabled">ff0000ff</property>
					<property name="color" id="border" group="disabled">cbcecfff</property>
					<property name="color" id="button_bg" group="disabled">cbcecfff</property>
					<property name="color" id="button_fg" group="disabled">cbcecfff</property>
					<property name="color" id="button_text" group="disabled">000000ff</property>
					<property name="color" id="label_bg" group="disabled">ffffffff</property>
					<property name="color" id="label_text" group="disabled">000000ff</property>
					<property name="color" id="bg" group="checked">ffffffff</property>
					<property name="color" id="text" group="checked">000000ff</property>
					<property name="color" id="text_highlight" group="checked">ff69b4ff</property>
					<property name="color" id="cursor" group="checked">ff0000ff</property>
					<property name="color" id="border" group="checked">ed192dff</property>
					<property name="color" id="button_bg" group="checked">ed192dff</property>
					<property name="color" id="button_fg" group="checked">ed192dff</property>
					<property name="color" id="button_text" group="checked">ffffffff</property>
					<property name="color" id="label_bg" group="checked">ed192dff</property>
					<property name="color" id="label_text" group="checked">000000ff</property>
					<property name="text">Clock</property>
					<property name="text_align">center</property>
				</widget>
				<widget name="BatteryCharged_value_0" type="Label">
					<property name="show">true</property>
					<property name="x">466</property>
					<property name="y">386</property>
					<property name="width">100</property>
					<property name="height">45</property>
					<property name="font" weight="normal" slant="normal" size="26,000000">Sans Serif</property>
					<property name="text">50%</property>
					<property name="text_align">center</property>
				</widget>
				<widget name="Label_Power" type="Label">
					<property name="show">true</property>
					<property name="x">78</property>
					<property name="y">357</property>
					<property name="width">100</property>
					<property name="height">38</property>
					<property name="text">Power</property>
					<property name="text_align">center</property>
				</widget>
				<widget name="LineWidgetLineV2" type="LineWidget">
					<property name="show">true</property>
					<property name="x">119</property>
					<property name="y">337</property>
					<property name="width">100</property>
					<property name="height">102</property>
					<property name="border">5</property>
					<property name="color" id="bg" group="normal">ffffffff</property>
					<property name="color" id="text" group="normal">000000ff</property>
					<property name="color" id="text_highlight" group="normal">ff69b4ff</property>
					<property name="color" id="cursor" group="normal">ff0000ff</property>
					<property name="color" id="border" group="normal">ffffffff</property>
					<property name="color" id="button_bg" group="normal">ed192dff</property>
					<property name="color" id="button_fg" group="normal">ffffffff</property>
					<property name="color" id="button_text" group="normal">ffffffff</property>
					<property name="color" id="label_bg" group="normal">ffffffff</property>
					<property name="color" id="label_text" group="normal">000000ff</property>
					<property name="color" id="bg" group="active">ffffffff</property>
					<property name="color" id="text" group="active">000000ff</property>
					<property name="color" id="text_highlight" group="active">ff69b4ff</property>
					<property name="color" id="cursor" group="active">ff0000ff</property>
					<property name="color" id="border" group="active">ed192dff</property>
					<property name="color" id="button_bg" group="active">c01f2aff</property>
					<property name="color" id="button_fg" group="active">ed192dff</property>
					<property name="color" id="button_text" group="active">ffffffff</property>
					<property name="color" id="label_bg" group="active">ffffffff</property>
					<property name="color" id="label_text" group="active">808080ff</property>
					<property name="color" id="bg" group="disabled">ffffffff</property>
					<property name="color" id="text" group="disabled">989a9aff</property>
					<property name="color" id="text_highlight" group="disabled">ff69b4ff</property>
					<property name="color" id="cursor" group="disabled">ff0000ff</property>
					<property name="color" id="border" group="disabled">cbcecfff</property>
					<property name="color" id="button_bg" group="disabled">cbcecfff</property>
					<property name="color" id="button_fg" group="disabled">cbcecfff</property>
					<property name="color" id="button_text" group="disabled">000000ff</property>
					<property name="color" id="label_bg" group="disabled">ffffffff</property>
					<property name="color" id="label_text" group="disabled">000000ff</property>
					<property name="color" id="bg" group="checked">ffffffff</property>
					<property name="color" id="text" group="checked">000000ff</property>
					<property name="color" id="text_highlight" group="checked">ff69b4ff</property>
					<property name="color" id="cursor" group="checked">ff0000ff</property>
					<property name="color" id="border" group="checked">ed192dff</property>
					<property name="color" id="button_bg" group="checked">ed192dff</property>
					<property name="color" id="button_fg" group="checked">ed192dff</property>
					<property name="color" id="button_text" group="checked">ffffffff</property>
					<property name="color" id="label_bg" group="checked">ed192dff</property>
					<property name="color" id="label_text" group="checked">000000ff</property>
					<property name="horizontal">false</property>
				</widget>
				<widget name="Label_Charged" type="Label">
					<property name="show">true</property>
					<property name="x">170</property>
					<property name="y">304</property>
					<property name="width">100</property>
					<property name="height">100</property>
					<property name="text">Elasped</property>
					<property name="text_align">center</property>
				</widget>
				<widget name="Label_Time" type="Label">
					<property name="show">true</property>
					<property name="x">166</property>
					<property name="y">325</property>
					<property name="width">100</property>
					<property name="height">100</property>
					<property name="text">Time</property>
					<property name="text_align">center</property>
				</widget>
				<widget name="LineWidgetLineV3" type="LineWidget">
					<property name="show">true</property>
					<property name="x">215</property>
					<property name="y">336</property>
					<property name="width">100</property>
					<property name="height">102</property>
					<property name="border">5</property>
					<property name="color" id="bg" group="normal">ffffffff</property>
					<property name="color" id="text" group="normal">000000ff</property>
					<property name="color" id="text_highlight" group="normal">ff69b4ff</property>
					<property name="color" id="cursor" group="normal">ff0000ff</property>
					<property name="color" id="border" group="normal">ffffffff</property>
					<property name="color" id="button_bg" group="normal">ed192dff</property>
					<property name="color" id="button_fg" group="normal">ed192dff</property>
					<property name="color" id="button_text" group="normal">ffffffff</property>
					<property name="color" id="label_bg" group="normal">ffffffff</property>
					<property name="color" id="label_text" group="normal">000000ff</property>
					<property name="color" id="bg" group="active">ffffffff</property>
					<property name="color" id="text" group="active">000000ff</property>
					<property name="color" id="text_highlight" group="active">ff69b4ff</property>
					<property name="color" id="cursor" group="active">ff0000ff</property>
					<property name="color" id="border" group="active">ed192dff</property>
					<property name="color" id="button_bg" group="active">c01f2aff</property>
					<property name="color" id="button_fg" group="active">ed192dff</property>
					<property name="color" id="button_text" group="active">ffffffff</property>
					<property name="color" id="label_bg" group="active">ffffffff</property>
					<property name="color" id="label_text" group="active">808080ff</property>
					<property name="color" id="bg" group="disabled">ffffffff</property>
					<property name="color" id="text" group="disabled">989a9aff</property>
					<property name="color" id="text_highlight" group="disabled">ff69b4ff</property>
					<property name="color" id="cursor" group="disabled">ff0000ff</property>
					<property name="color" id="border" group="disabled">cbcecfff</property>
					<property name="color" id="button_bg" group="disabled">cbcecfff</property>
					<property name="color" id="button_fg" group="disabled">cbcecfff</property>
					<property name="color" id="button_text" group="disabled">000000ff</property>
					<property name="color" id="label_bg" group="disabled">ffffffff</property>
					<property name="color" id="label_text" group="disabled">000000ff</property>
					<property name="color" id="bg" group="checked">ffffffff</property>
					<property name="color" id="text" group="checked">000000ff</property>
					<property name="color" id="text_highlight" group="checked">ff69b4ff</property>
					<property name="color" id="cursor" group="checked">ff0000ff</property>
					<property name="color" id="border" group="checked">ed192dff</property>
					<property name="color" id="button_bg" group="checked">ed192dff</property>
					<property name="color" id="button_fg" group="checked">ed192dff</property>
					<property name="color" id="button_text" group="checked">ffffffff</property>
					<property name="color" id="label_bg" group="checked">ed192dff</property>
					<property name="color" id="label_text" group="checked">000000ff</property>
					<property name="horizontal">false</property>
				</widget>
				<widget name="Label_Delivered" type="Label">
					<property name="show">true</property>
					<property name="x">264</property>
					<property name="y">304</property>
					<property name="width">100</property>
					<property name="height">100</property>
					<property name="text">Delivered</property>
					<property name="text_align">center</property>
				</widget>
				<widget name="Label_Energy" type="Label">
					<property name="show">true</property>
					<property name="x">262</property>
					<property name="y">326</property>
					<property name="width">100</property>
					<property name="height">100</property>
					<property name="text">Energy</property>
					<property name="text_align">center</property>
				</widget>
				<widget name="LineWidgetlineV4" type="LineWidget">
					<property name="show">true</property>
					<property name="x">314</property>
					<property name="y">337</property>
					<property name="width">100</property>
					<property name="height">102</property>
					<property name="border">5</property>
					<property name="color" id="bg" group="normal">ffffffff</property>
					<property name="color" id="text" group="normal">000000ff</property>
					<property name="color" id="text_highlight" group="normal">ff69b4ff</property>
					<property name="color" id="cursor" group="normal">ff0000ff</property>
					<property name="color" id="border" group="normal">ffffffff</property>
					<property name="color" id="button_bg" group="normal">ed192dff</property>
					<property name="color" id="button_fg" group="normal">ed192dff</property>
					<property name="color" id="button_text" group="normal">ffffffff</property>
					<property name="color" id="label_bg" group="normal">ffffffff</property>
					<property name="color" id="label_text" group="normal">000000ff</property>
					<property name="color" id="bg" group="active">ffffffff</property>
					<property name="color" id="text" group="active">000000ff</property>
					<property name="color" id="text_highlight" group="active">ff69b4ff</property>
					<property name="color" id="cursor" group="active">ff0000ff</property>
					<property name="color" id="border" group="active">ed192dff</property>
					<property name="color" id="button_bg" group="active">c01f2aff</property>
					<property name="color" id="button_fg" group="active">ed192dff</property>
					<property name="color" id="button_text" group="active">ffffffff</property>
					<property name="color" id="label_bg" group="active">ffffffff</property>
					<property name="color" id="label_text" group="active">808080ff</property>
					<property name="color" id="bg" group="disabled">ffffffff</property>
					<property name="color" id="text" group="disabled">989a9aff</property>
					<property name="color" id="text_highlight" group="disabled">ff69b4ff</property>
					<property name="color" id="cursor" group="disabled">ff0000ff</property>
					<property name="color" id="border" group="disabled">cbcecfff</property>
					<property name="color" id="button_bg" group="disabled">cbcecfff</property>
					<property name="color" id="button_fg" group="disabled">cbcecfff</property>
					<property name="color" id="button_text" group="disabled">000000ff</property>
					<property name="color" id="label_bg" group="disabled">ffffffff</property>
					<property name="color" id="label_text" group="disabled">000000ff</property>
					<property name="color" id="bg" group="checked">ffffffff</property>
					<property name="color" id="text" group="checked">000000ff</property>
					<property name="color" id="text_highlight" group="checked">ff69b4ff</property>
					<property name="color" id="cursor" group="checked">ff0000ff</property>
					<property name="color" id="border" group="checked">ed192dff</property>
					<property name="color" id="button_bg" group="checked">ed192dff</property>
					<property name="color" id="button_fg" group="checked">ed192dff</property>
					<property name="color" id="button_text" group="checked">ffffffff</property>
					<property name="color" id="label_bg" group="checked">ed192dff</property>
					<property name="color" id="label_text" group="checked">000000ff</property>
					<property name="horizontal">false</property>
				</widget>
				<widget name="Label_Remaining" type="Label">
					<property name="show">true</property>
					<property name="x">363</property>
					<property name="y">305</property>
					<property name="width">100</property>
					<property name="height">100</property>
					<property name="text">Remaining</property>
					<property name="text_align">center</property>
				</widget>
				<widget name="Label_Time2" type="Label">
					<property name="show">true</property>
					<property name="x">359</property>
					<property name="y">324</property>
					<property name="width">100</property>
					<property name="height">100</property>
					<property name="text">Time</property>
					<property name="text_align">center</property>
				</widget>
				<widget name="LineWidgetlineV5" type="LineWidget">
					<property name="show">true</property>
					<property name="x">412</property>
					<property name="y">337</property>
					<property name="width">100</property>
					<property name="height">103</property>
					<property name="border">5</property>
					<property name="color" id="bg" group="normal">ffffffff</property>
					<property name="color" id="text" group="normal">000000ff</property>
					<property name="color" id="text_highlight" group="normal">ff69b4ff</property>
					<property name="color" id="cursor" group="normal">ff0000ff</property>
					<property name="color" id="border" group="normal">ffffffff</property>
					<property name="color" id="button_bg" group="normal">ed192dff</property>
					<property name="color" id="button_fg" group="normal">ed192dff</property>
					<property name="color" id="button_text" group="normal">ffffffff</property>
					<property name="color" id="label_bg" group="normal">ffffffff</property>
					<property name="color" id="label_text" group="normal">000000ff</property>
					<property name="color" id="bg" group="active">ffffffff</property>
					<property name="color" id="text" group="active">000000ff</property>
					<property name="color" id="text_highlight" group="active">ff69b4ff</property>
					<property name="color" id="cursor" group="active">ff0000ff</property>
					<property name="color" id="border" group="active">ed192dff</property>
					<property name="color" id="button_bg" group="active">c01f2aff</property>
					<property name="color" id="button_fg" group="active">ed192dff</property>
					<property name="color" id="button_text" group="active">ffffffff</property>
					<property name="color" id="label_bg" group="active">ffffffff</property>
					<property name="color" id="label_text" group="active">808080ff</property>
					<property name="color" id="bg" group="disabled">ffffffff</property>
					<property name="color" id="text" group="disabled">989a9aff</property>
					<property name="color" id="text_highlight" group="disabled">ff69b4ff</property>
					<property name="color" id="cursor" group="disabled">ff0000ff</property>
					<property name="color" id="border" group="disabled">cbcecfff</property>
					<property name="color" id="button_bg" group="disabled">cbcecfff</property>
					<property name="color" id="button_fg" group="disabled">cbcecfff</property>
					<property name="color" id="button_text" group="disabled">000000ff</property>
					<property name="color" id="label_bg" group="disabled">ffffffff</property>
					<property name="color" id="label_text" group="disabled">000000ff</property>
					<property name="color" id="bg" group="checked">ffffffff</property>
					<property name="color" id="text" group="checked">000000ff</property>
					<property name="color" id="text_highlight" group="checked">ff69b4ff</property>
					<property name="color" id="cursor" group="checked">ff0000ff</property>
					<property name="color" id="border" group="checked">ed192dff</property>
					<property name="color" id="button_bg" group="checked">ed192dff</property>
					<property name="color" id="button_fg" group="checked">ed192dff</property>
					<property name="color" id="button_text" group="checked">ffffffff</property>
					<property name="color" id="label_bg" group="checked">ed192dff</property>
					<property name="color" id="label_text" group="checked">000000ff</property>
					<property name="horizontal">false</property>
				</widget>
				<widget name="Label_KW" type="Label">
					<property name="show">true</property>
					<property name="x">78</property>
					<property name="y">407</property>
					<property name="width">100</property>
					<property name="height">35</property>
					<property name="text">KW</property>
					<property name="text_align">center</property>
				</widget>
				<widget name="Label_min" type="Label">
					<property name="show">true</property>
					<property name="x">170</property>
					<property name="y">375</property>
					<property name="width">100</property>
					<property name="height">100</property>
					<property name="text">min</property>
					<property name="text_align">center</property>
				</widget>
				<widget name="Label_KWh" type="Label">
					<property name="show">true</property>
					<property name="x">267</property>
					<property name="y">376</property>
					<property name="width">100</property>
					<property name="height">100</property>
					<property name="text">KWh</property>
					<property name="text_align">center</property>
				</widget>
				<widget name="Remaining_Time_value_0" type="Label">
					<property name="show">true</property>
					<property name="x">359</property>
					<property name="y">351</property>
					<property name="width">100</property>
					<property name="height">100</property>
					<property name="font" weight="normal" slant="normal" size="18,000000">Sans Serif</property>
					<property name="text">4h</property>
					<property name="text_align">center</property>
				</widget>
				<widget name="Label_Battery_Full_Charged" type="Label">
					<property name="show">false</property>
					<property name="x">261</property>
					<property name="y">175</property>
					<property name="width">323</property>
					<property name="height">105</property>
					<property name="border">5</property>
					<property name="border_radius">30</property>
					<property name="fillflags">blend</property>
					<property name="font" weight="normal" slant="normal" size="28,000000">Sans Serif</property>
					<property name="color" id="bg" group="normal">ffffffff</property>
					<property name="color" id="text" group="normal">000000ff</property>
					<property name="color" id="text_highlight" group="normal">ff69b4ff</property>
					<property name="color" id="cursor" group="normal">000000ff</property>
					<property name="color" id="border" group="normal">000000ff</property>
					<property name="color" id="button_bg" group="normal">ed192dff</property>
					<property name="color" id="button_fg" group="normal">ed192dff</property>
					<property name="color" id="button_text" group="normal">ffffffff</property>
					<property name="color" id="label_bg" group="normal">000000ff</property>
					<property name="color" id="label_text" group="normal">ffffffff</property>
					<property name="color" id="bg" group="active">ffffffff</property>
					<property name="color" id="text" group="active">000000ff</property>
					<property name="color" id="text_highlight" group="active">ff69b4ff</property>
					<property name="color" id="cursor" group="active">ff0000ff</property>
					<property name="color" id="border" group="active">ed192dff</property>
					<property name="color" id="button_bg" group="active">c01f2aff</property>
					<property name="color" id="button_fg" group="active">ed192dff</property>
					<property name="color" id="button_text" group="active">ffffffff</property>
					<property name="color" id="label_bg" group="active">ffffffff</property>
					<property name="color" id="label_text" group="active">ffffffff</property>
					<property name="color" id="bg" group="disabled">ffffffff</property>
					<property name="color" id="text" group="disabled">989a9aff</property>
					<property name="color" id="text_highlight" group="disabled">ff69b4ff</property>
					<property name="color" id="cursor" group="disabled">ff0000ff</property>
					<property name="color" id="border" group="disabled">cbcecfff</property>
					<property name="color" id="button_bg" group="disabled">cbcecfff</property>
					<property name="color" id="button_fg" group="disabled">cbcecfff</property>
					<property name="color" id="button_text" group="disabled">000000ff</property>
					<property name="color" id="label_bg" group="disabled">ffffffff</property>
					<property name="color" id="label_text" group="disabled">000000ff</property>
					<property name="color" id="bg" group="checked">ffffffff</property>
					<property name="color" id="text" group="checked">000000ff</property>
					<property name="color" id="text_highlight" group="checked">ff69b4ff</property>
					<property name="color" id="cursor" group="checked">ff0000ff</property>
					<property name="color" id="border" group="checked">ed192dff</property>
					<property name="color" id="button_bg" group="checked">ed192dff</property>
					<property name="color" id="button_fg" group="checked">ed192dff</property>
					<property name="color" id="button_text" group="checked">ffffffff</property>
					<property name="color" id="label_bg" group="checked">ed192dff</property>
					<property name="color" id="label_text" group="checked">000000ff</property>
					<property name="text">Battery Fully Charged</property>
					<property name="text_align">center</property>
				</widget>
				<widget name="ImageButton_power_on" type="ImageButton">
					<property name="show">true</property>
					<property name="x">731</property>
					<property name="y">7</property>
					<property name="width">64</property>
					<property name="height">64</property>
					<property name="border_radius">4</property>
					<property name="fillflags">solid</property>
					<property name="color" id="bg" group="normal">ffffffff</property>
					<property name="color" id="text" group="normal">000000ff</property>
					<property name="color" id="text_highlight" group="normal">ff69b4ff</property>
					<property name="color" id="cursor" group="normal">ff0000ff</property>
					<property name="color" id="border" group="normal">ed192dff</property>
					<property name="color" id="button_bg" group="normal">000000ff</property>
					<property name="color" id="button_fg" group="normal">000000ff</property>
					<property name="color" id="button_text" group="normal">ffffffff</property>
					<property name="color" id="label_bg" group="normal">ffffffff</property>
					<property name="color" id="label_text" group="normal">000000ff</property>
					<property name="color" id="bg" group="active">ffffffff</property>
					<property name="color" id="text" group="active">000000ff</property>
					<property name="color" id="text_highlight" group="active">ff69b4ff</property>
					<property name="color" id="cursor" group="active">ff0000ff</property>
					<property name="color" id="border" group="active">ed192dff</property>
					<property name="color" id="button_bg" group="active">c01f2aff</property>
					<property name="color" id="button_fg" group="active">ed192dff</property>
					<property name="color" id="button_text" group="active">ffffffff</property>
					<property name="color" id="label_bg" group="active">ffffffff</property>
					<property name="color" id="label_text" group="active">808080ff</property>
					<property name="color" id="bg" group="disabled">ffffffff</property>
					<property name="color" id="text" group="disabled">989a9aff</property>
					<property name="color" id="text_highlight" group="disabled">ff69b4ff</property>
					<property name="color" id="cursor" group="disabled">ff0000ff</property>
					<property name="color" id="border" group="disabled">cbcecfff</property>
					<property name="color" id="button_bg" group="disabled">cbcecfff</property>
					<property name="color" id="button_fg" group="disabled">cbcecfff</property>
					<property name="color" id="button_text" group="disabled">000000ff</property>
					<property name="color" id="label_bg" group="disabled">ffffffff</property>
					<property name="color" id="label_text" group="disabled">000000ff</property>
					<property name="color" id="bg" group="checked">ffffffff</property>
					<property name="color" id="text" group="checked">000000ff</property>
					<property name="color" id="text_highlight" group="checked">ff69b4ff</property>
					<property name="color" id="cursor" group="checked">ff0000ff</property>
					<property name="color" id="border" group="checked">ed192dff</property>
					<property name="color" id="button_bg" group="checked">ed192dff</property>
					<property name="color" id="button_fg" group="checked">ed192dff</property>
					<property name="color" id="button_text" group="checked">ffffffff</property>
					<property name="color" id="label_bg" group="checked">ed192dff</property>
					<property name="color" id="label_text" group="checked">000000ff</property>
					<property name="text">ImageButton47</property>
					<property name="text_align">center</property>
					<property name="showlabel">false</property>
					<property name="image" hscale="0.125" vscale="0.125">file:egt_ressource/power_on.png</property>
					<property name="image_align">top|expand</property>
				</widget>
				<widget name="Delivered_energy_value" type="Label">
					<property name="show">true</property>
					<property name="x">265</property>
					<property name="y">350</property>
					<property name="width">100</property>
					<property name="height">100</property>
					<property name="font" weight="normal" slant="normal" size="18,000000">Sans Serif</property>
					<property name="text">120</property>
					<property name="text_align">center</property>
				</widget>
				<widget name="Elapsed_Time_value" type="Label">
					<property name="show">true</property>
					<property name="x">167</property>
					<property name="y">351</property>
					<property name="width">100</property>
					<property name="height">100</property>
					<property name="font" weight="normal" slant="normal" size="18,000000">Sans Serif</property>
					<property name="text">280</property>
					<property name="text_align">center</property>
				</widget>
				<widget name="Outputpower_value_screen0" type="Label">
					<property name="show">true</property>
					<property name="x">79</property>
					<property name="y">352</property>
					<property name="width">100</property>
					<property name="height">100</property>
					<property name="font" weight="normal" slant="normal" size="18,000000">Sans Serif</property>
					<property name="color" id="bg" group="normal">ffffffff</property>
					<property name="color" id="text" group="normal">000000ff</property>
					<property name="color" id="text_highlight" group="normal">ff69b4ff</property>
					<property name="color" id="cursor" group="normal">ff0000ff</property>
					<property name="color" id="border" group="normal">ed192dff</property>
					<property name="color" id="button_bg" group="normal">ed192dff</property>
					<property name="color" id="button_fg" group="normal">ed192dff</property>
					<property name="color" id="button_text" group="normal">ffffffff</property>
					<property name="color" id="label_bg" group="normal">ffffffff</property>
					<property name="color" id="label_text" group="normal">ffffffff</property>
					<property name="color" id="bg" group="active">ffffffff</property>
					<property name="color" id="text" group="active">000000ff</property>
					<property name="color" id="text_highlight" group="active">ff69b4ff</property>
					<property name="color" id="cursor" group="active">ff0000ff</property>
					<property name="color" id="border" group="active">ed192dff</property>
					<property name="color" id="button_bg" group="active">c01f2aff</property>
					<property name="color" id="button_fg" group="active">ed192dff</property>
					<property name="color" id="button_text" group="active">ffffffff</property>
					<property name="color" id="label_bg" group="active">ffffffff</property>
					<property name="color" id="label_text" group="active">808080ff</property>
					<property name="color" id="bg" group="disabled">ffffffff</property>
					<property name="color" id="text" group="disabled">989a9aff</property>
					<property name="color" id="text_highlight" group="disabled">ff69b4ff</property>
					<property name="color" id="cursor" group="disabled">ff0000ff</property>
					<property name="color" id="border" group="disabled">cbcecfff</property>
					<property name="color" id="button_bg" group="disabled">cbcecfff</property>
					<property name="color" id="button_fg" group="disabled">cbcecfff</property>
					<property name="color" id="button_text" group="disabled">000000ff</property>
					<property name="color" id="label_bg" group="disabled">ffffffff</property>
					<property name="color" id="label_text" group="disabled">000000ff</property>
					<property name="color" id="bg" group="checked">ffffffff</property>
					<property name="color" id="text" group="checked">000000ff</property>
					<property name="color" id="text_highlight" group="checked">ff69b4ff</property>
					<property name="color" id="cursor" group="checked">ff0000ff</property>
					<property name="color" id="border" group="checked">ed192dff</property>
					<property name="color" id="button_bg" group="checked">ed192dff</property>
					<property name="color" id="button_fg" group="checked">ed192dff</property>
					<property name="color" id="button_text" group="checked">ffffffff</property>
					<property name="color" id="label_bg" group="checked">ed192dff</property>
					<property name="color" id="label_text" group="checked">000000ff</property>
					<property name="text">25</property>
					<property name="text_align">center</property>
				</widget>
				<widget name="Green_wire" type="ImageLabel">
					<property name="show">false</property>
					<property name="x">66</property>
					<property name="y">155</property>
					<property name="width">159</property>
					<property name="height">157</property>
					<property name="autoresize">false</property>
					<property name="text">ImageLabel55</property>
					<property name="text_align">center</property>
					<property name="showlabel">false</property>
					<property name="image" hscale="0.815217" vscale="0.836957" keep_image_ratio="false">file:egt_ressource/green_wire.png</property>
					<property name="image_align">center</property>
				</widget>
				<widget name="Label53" type="Label">
					<property name="show">true</property>
					<property name="x">363</property>
					<property name="y">375</property>
					<property name="width">100</property>
					<property name="height">100</property>
					<property name="text">min</property>
					<property name="text_align">center</property>
				</widget>
			</widget>
		</widget>
	</widgets>
</egt>

