{
    "properties": {
        "__categories": [
            {
                "expanded": true,
                "id": "screen",
                "visible": true
            }
        ],
        "__groups": [
        ],
        "id": {
            "enabled": true,
            "type": "uuid",
            "value": "{b3ba6992-bb4f-4607-9fe9-94c571eff9f6}",
            "visible": true
        },
        "name": {
            "enabled": true,
            "type": "text",
            "value": "Screen1",
            "visible": true
        }
    },
    "startup": true,
    "window": {
        "children": [
            {
                "properties": {
                    "__categories": [
                        {
                            "expanded": true,
                            "id": "widget",
                            "visible": true
                        },
                        {
                            "expanded": true,
                            "id": "textwidget",
                            "visible": true
                        },
                        {
                            "expanded": true,
                            "id": "imageholder",
                            "visible": true
                        }
                    ],
                    "__groups": [
                        {
                            "expanded": false,
                            "id": "position",
                            "visible": true
                        },
                        {
                            "expanded": false,
                            "id": "size",
                            "visible": true
                        },
                        {
                            "expanded": false,
                            "id": "alignment",
                            "visible": true
                        },
                        {
                            "expanded": false,
                            "id": "text_alignment",
                            "visible": true
                        },
                        {
                            "expanded": false,
                            "id": "imageholder_scale",
                            "visible": true
                        }
                    ],
                    "autoresize": {
                        "enabled": true,
                        "type": "boolean",
                        "value": true,
                        "visible": true
                    },
                    "border": {
                        "enabled": true,
                        "type": "integer",
                        "value": 0,
                        "visible": true
                    },
                    "border_radius": {
                        "enabled": true,
                        "type": "float",
                        "value": 0,
                        "visible": true
                    },
                    "editorExpanded": {
                        "enabled": true,
                        "type": "boolean",
                        "value": true,
                        "visible": true
                    },
                    "editorHidden": {
                        "enabled": true,
                        "type": "boolean",
                        "value": false,
                        "visible": true
                    },
                    "editorLocked": {
                        "enabled": true,
                        "type": "boolean",
                        "value": false,
                        "visible": true
                    },
                    "enabled": {
                        "enabled": true,
                        "type": "boolean",
                        "value": true,
                        "visible": true
                    },
                    "grabmouse": {
                        "enabled": true,
                        "type": "boolean",
                        "value": false,
                        "visible": true
                    },
                    "halign": {
                        "enabled": true,
                        "type": "combo",
                        "value": 0,
                        "visible": true
                    },
                    "height": {
                        "enabled": true,
                        "type": "integer",
                        "value": 982,
                        "visible": true
                    },
                    "id": {
                        "enabled": true,
                        "type": "uuid",
                        "value": "{ff54fd5f-a6fe-49ef-9e94-949833f631c7}",
                        "visible": true
                    },
                    "imageholder_auto_scale_image": {
                        "enabled": true,
                        "type": "boolean",
                        "value": true,
                        "visible": true
                    },
                    "imageholder_hscale": {
                        "enabled": false,
                        "type": "float",
                        "value": 1.2289999723434448,
                        "visible": true
                    },
                    "imageholder_image_align": {
                        "enabled": true,
                        "type": "combo",
                        "value": 1,
                        "visible": true
                    },
                    "imageholder_keep_image_ratio": {
                        "enabled": true,
                        "type": "boolean",
                        "value": true,
                        "visible": true
                    },
                    "imageholder_show_label": {
                        "enabled": true,
                        "type": "boolean",
                        "value": false,
                        "visible": true
                    },
                    "imageholder_uri": {
                        "enabled": true,
                        "type": "image",
                        "value": "file:egt_ressource/start_screen.jpg",
                        "visible": true
                    },
                    "imageholder_vscale": {
                        "enabled": false,
                        "type": "float",
                        "value": 1.2309582233428955,
                        "visible": true
                    },
                    "layout": {
                        "enabled": true,
                        "type": "boolean",
                        "value": true,
                        "visible": true
                    },
                    "margin": {
                        "enabled": true,
                        "type": "integer",
                        "value": 0,
                        "visible": true
                    },
                    "name": {
                        "enabled": true,
                        "type": "text",
                        "value": "ImageLabel54",
                        "visible": true
                    },
                    "padding": {
                        "enabled": true,
                        "type": "integer",
                        "value": 0,
                        "visible": true
                    },
                    "text": {
                        "enabled": true,
                        "type": "text",
                        "value": "ImageLabel54",
                        "visible": true
                    },
                    "text_halign": {
                        "enabled": true,
                        "type": "combo",
                        "value": 1,
                        "visible": true
                    },
                    "text_valign": {
                        "enabled": true,
                        "type": "combo",
                        "value": 1,
                        "visible": true
                    },
                    "valign": {
                        "enabled": true,
                        "type": "combo",
                        "value": 0,
                        "visible": true
                    },
                    "visible": {
                        "enabled": true,
                        "type": "boolean",
                        "value": true,
                        "visible": true
                    },
                    "widget_fillflags": {
                        "enabled": true,
                        "type": "combo",
                        "value": 0,
                        "visible": true
                    },
                    "widget_font": {
                        "enabled": true,
                        "type": "font",
                        "visible": true
                    },
                    "widget_palette": {
                        "enabled": true,
                        "type": "Palette",
                        "value": {
                            "active:bg": "#ffffff",
                            "active:border": "#ed192d",
                            "active:button_bg": "#c01f2a",
                            "active:button_fg": "#ed192d",
                            "active:button_text": "#ffffff",
                            "active:cursor": "#ff0000",
                            "active:label_bg": "#ffffff",
                            "active:label_text": "#808080",
                            "active:text": "#000000",
                            "active:text_highlight": "#ff69b4",
                            "checked:bg": "#ffffff",
                            "checked:border": "#ed192d",
                            "checked:button_bg": "#ed192d",
                            "checked:button_fg": "#ed192d",
                            "checked:button_text": "#ffffff",
                            "checked:cursor": "#ff0000",
                            "checked:label_bg": "#ed192d",
                            "checked:label_text": "#000000",
                            "checked:text": "#000000",
                            "checked:text_highlight": "#ff69b4",
                            "disabled:bg": "#ffffff",
                            "disabled:border": "#cbcecf",
                            "disabled:button_bg": "#cbcecf",
                            "disabled:button_fg": "#cbcecf",
                            "disabled:button_text": "#000000",
                            "disabled:cursor": "#ff0000",
                            "disabled:label_bg": "#ffffff",
                            "disabled:label_text": "#000000",
                            "disabled:text": "#989a9a",
                            "disabled:text_highlight": "#ff69b4",
                            "normal:bg": "#ffffff",
                            "normal:border": "#000000",
                            "normal:button_bg": "#ed192d",
                            "normal:button_fg": "#ed182d",
                            "normal:button_text": "#ffffff",
                            "normal:cursor": "#ff0000",
                            "normal:label_bg": "#ffffff",
                            "normal:label_text": "#000000",
                            "normal:text": "#000000",
                            "normal:text_highlight": "#ff69b4"
                        },
                        "visible": true
                    },
                    "width": {
                        "enabled": true,
                        "type": "integer",
                        "value": 1229,
                        "visible": true
                    },
                    "x": {
                        "enabled": true,
                        "type": "integer",
                        "value": -138,
                        "visible": true
                    },
                    "y": {
                        "enabled": true,
                        "type": "integer",
                        "value": -259,
                        "visible": true
                    }
                },
                "type": "ImageLabelWidget"
            },
            {
                "properties": {
                    "__categories": [
                        {
                            "expanded": true,
                            "id": "widget",
                            "visible": true
                        },
                        {
                            "expanded": true,
                            "id": "textwidget",
                            "visible": true
                        },
                        {
                            "expanded": true,
                            "id": "imageholder",
                            "visible": true
                        }
                    ],
                    "__groups": [
                        {
                            "expanded": false,
                            "id": "position",
                            "visible": true
                        },
                        {
                            "expanded": false,
                            "id": "size",
                            "visible": true
                        },
                        {
                            "expanded": false,
                            "id": "alignment",
                            "visible": true
                        },
                        {
                            "expanded": false,
                            "id": "text_alignment",
                            "visible": true
                        },
                        {
                            "expanded": false,
                            "id": "imageholder_scale",
                            "visible": true
                        }
                    ],
                    "autoresize": {
                        "enabled": true,
                        "type": "boolean",
                        "value": true,
                        "visible": true
                    },
                    "border": {
                        "enabled": true,
                        "type": "integer",
                        "value": 0,
                        "visible": true
                    },
                    "border_radius": {
                        "enabled": true,
                        "type": "float",
                        "value": 0,
                        "visible": true
                    },
                    "editorExpanded": {
                        "enabled": true,
                        "type": "boolean",
                        "value": true,
                        "visible": true
                    },
                    "editorHidden": {
                        "enabled": true,
                        "type": "boolean",
                        "value": false,
                        "visible": true
                    },
                    "editorLocked": {
                        "enabled": true,
                        "type": "boolean",
                        "value": false,
                        "visible": true
                    },
                    "enabled": {
                        "enabled": true,
                        "type": "boolean",
                        "value": true,
                        "visible": true
                    },
                    "grabmouse": {
                        "enabled": true,
                        "type": "boolean",
                        "value": false,
                        "visible": true
                    },
                    "halign": {
                        "enabled": true,
                        "type": "combo",
                        "value": 0,
                        "visible": true
                    },
                    "height": {
                        "enabled": true,
                        "type": "integer",
                        "value": 84,
                        "visible": true
                    },
                    "id": {
                        "enabled": true,
                        "type": "uuid",
                        "value": "{db33b22e-676a-4a42-82cf-ef81da558156}",
                        "visible": true
                    },
                    "imageholder_auto_scale_image": {
                        "enabled": true,
                        "type": "boolean",
                        "value": true,
                        "visible": true
                    },
                    "imageholder_hscale": {
                        "enabled": false,
                        "type": "float",
                        "value": 0.40833333134651184,
                        "visible": true
                    },
                    "imageholder_image_align": {
                        "enabled": true,
                        "type": "combo",
                        "value": 1,
                        "visible": true
                    },
                    "imageholder_keep_image_ratio": {
                        "enabled": true,
                        "type": "boolean",
                        "value": true,
                        "visible": true
                    },
                    "imageholder_show_label": {
                        "enabled": true,
                        "type": "boolean",
                        "value": false,
                        "visible": true
                    },
                    "imageholder_uri": {
                        "enabled": true,
                        "type": "image",
                        "value": "file:egt_ressource/mchp_logo.png",
                        "visible": true
                    },
                    "imageholder_vscale": {
                        "enabled": false,
                        "type": "float",
                        "value": 0.4166666567325592,
                        "visible": true
                    },
                    "layout": {
                        "enabled": true,
                        "type": "boolean",
                        "value": true,
                        "visible": true
                    },
                    "margin": {
                        "enabled": true,
                        "type": "integer",
                        "value": 0,
                        "visible": true
                    },
                    "name": {
                        "enabled": true,
                        "type": "text",
                        "value": "ImageLogo_screen1",
                        "visible": true
                    },
                    "padding": {
                        "enabled": true,
                        "type": "integer",
                        "value": 0,
                        "visible": true
                    },
                    "text": {
                        "enabled": true,
                        "type": "text",
                        "value": "ImageLabel56",
                        "visible": true
                    },
                    "text_halign": {
                        "enabled": true,
                        "type": "combo",
                        "value": 1,
                        "visible": true
                    },
                    "text_valign": {
                        "enabled": true,
                        "type": "combo",
                        "value": 1,
                        "visible": true
                    },
                    "valign": {
                        "enabled": true,
                        "type": "combo",
                        "value": 0,
                        "visible": true
                    },
                    "visible": {
                        "enabled": true,
                        "type": "boolean",
                        "value": true,
                        "visible": true
                    },
                    "widget_fillflags": {
                        "enabled": true,
                        "type": "combo",
                        "value": 0,
                        "visible": true
                    },
                    "widget_font": {
                        "enabled": true,
                        "type": "font",
                        "visible": true
                    },
                    "widget_palette": {
                        "enabled": true,
                        "type": "Palette",
                        "visible": true
                    },
                    "width": {
                        "enabled": true,
                        "type": "integer",
                        "value": 147,
                        "visible": true
                    },
                    "x": {
                        "enabled": true,
                        "type": "integer",
                        "value": 3,
                        "visible": true
                    },
                    "y": {
                        "enabled": true,
                        "type": "integer",
                        "value": -18,
                        "visible": true
                    }
                },
                "type": "ImageLabelWidget"
            },
            {
                "properties": {
                    "__categories": [
                        {
                            "expanded": true,
                            "id": "widget",
                            "visible": true
                        },
                        {
                            "expanded": true,
                            "id": "textwidget",
                            "visible": true
                        },
                        {
                            "expanded": true,
                            "id": "button",
                            "visible": true
                        },
                        {
                            "expanded": true,
                            "id": "imageholder",
                            "visible": true
                        }
                    ],
                    "__groups": [
                        {
                            "expanded": false,
                            "id": "position",
                            "visible": true
                        },
                        {
                            "expanded": false,
                            "id": "size",
                            "visible": true
                        },
                        {
                            "expanded": false,
                            "id": "alignment",
                            "visible": true
                        },
                        {
                            "expanded": false,
                            "id": "text_alignment",
                            "visible": true
                        },
                        {
                            "expanded": false,
                            "id": "imageholder_scale",
                            "visible": true
                        }
                    ],
                    "autoresize": {
                        "enabled": true,
                        "type": "boolean",
                        "value": true,
                        "visible": true
                    },
                    "border": {
                        "enabled": true,
                        "type": "integer",
                        "value": 0,
                        "visible": true
                    },
                    "border_radius": {
                        "enabled": true,
                        "type": "float",
                        "value": 4,
                        "visible": true
                    },
                    "checked": {
                        "enabled": true,
                        "type": "boolean",
                        "value": false,
                        "visible": true
                    },
                    "editorExpanded": {
                        "enabled": true,
                        "type": "boolean",
                        "value": true,
                        "visible": true
                    },
                    "editorHidden": {
                        "enabled": true,
                        "type": "boolean",
                        "value": false,
                        "visible": true
                    },
                    "editorLocked": {
                        "enabled": true,
                        "type": "boolean",
                        "value": false,
                        "visible": true
                    },
                    "enabled": {
                        "enabled": true,
                        "type": "boolean",
                        "value": true,
                        "visible": true
                    },
                    "grabmouse": {
                        "enabled": true,
                        "type": "boolean",
                        "value": false,
                        "visible": true
                    },
                    "halign": {
                        "enabled": true,
                        "type": "combo",
                        "value": 0,
                        "visible": true
                    },
                    "height": {
                        "enabled": true,
                        "type": "integer",
                        "value": 64,
                        "visible": true
                    },
                    "id": {
                        "enabled": true,
                        "type": "uuid",
                        "value": "{9a054411-bdea-4aa9-9e25-cd5619695063}",
                        "visible": true
                    },
                    "imageholder_auto_scale_image": {
                        "enabled": true,
                        "type": "boolean",
                        "value": true,
                        "visible": true
                    },
                    "imageholder_hscale": {
                        "enabled": false,
                        "type": "float",
                        "value": 0.125,
                        "visible": true
                    },
                    "imageholder_image_align": {
                        "enabled": true,
                        "type": "combo",
                        "value": 1,
                        "visible": true
                    },
                    "imageholder_keep_image_ratio": {
                        "enabled": true,
                        "type": "boolean",
                        "value": true,
                        "visible": true
                    },
                    "imageholder_show_label": {
                        "enabled": true,
                        "type": "boolean",
                        "value": false,
                        "visible": true
                    },
                    "imageholder_uri": {
                        "enabled": true,
                        "type": "image",
                        "value": "file:egt_ressource/power_off.png",
                        "visible": true
                    },
                    "imageholder_vscale": {
                        "enabled": false,
                        "type": "float",
                        "value": 0.125,
                        "visible": true
                    },
                    "layout": {
                        "enabled": true,
                        "type": "boolean",
                        "value": true,
                        "visible": true
                    },
                    "margin": {
                        "enabled": true,
                        "type": "integer",
                        "value": 0,
                        "visible": true
                    },
                    "name": {
                        "enabled": true,
                        "type": "text",
                        "value": "ImageButton_power_off",
                        "visible": true
                    },
                    "padding": {
                        "enabled": true,
                        "type": "integer",
                        "value": 0,
                        "visible": true
                    },
                    "text": {
                        "enabled": true,
                        "type": "text",
                        "value": "ImageButton57",
                        "visible": true
                    },
                    "text_halign": {
                        "enabled": true,
                        "type": "combo",
                        "value": 1,
                        "visible": true
                    },
                    "text_valign": {
                        "enabled": true,
                        "type": "combo",
                        "value": 1,
                        "visible": true
                    },
                    "valign": {
                        "enabled": true,
                        "type": "combo",
                        "value": 0,
                        "visible": true
                    },
                    "visible": {
                        "enabled": true,
                        "type": "boolean",
                        "value": true,
                        "visible": true
                    },
                    "widget_fillflags": {
                        "enabled": true,
                        "type": "combo",
                        "value": 0,
                        "visible": true
                    },
                    "widget_font": {
                        "enabled": true,
                        "type": "font",
                        "visible": true
                    },
                    "widget_palette": {
                        "enabled": true,
                        "type": "Palette",
                        "value": {
                            "active:bg": "#ffffff",
                            "active:border": "#ed192d",
                            "active:button_bg": "#c01f2a",
                            "active:button_fg": "#ed192d",
                            "active:button_text": "#ffffff",
                            "active:cursor": "#ff0000",
                            "active:label_bg": "#ffffff",
                            "active:label_text": "#808080",
                            "active:text": "#000000",
                            "active:text_highlight": "#ff69b4",
                            "checked:bg": "#ffffff",
                            "checked:border": "#ed192d",
                            "checked:button_bg": "#ed192d",
                            "checked:button_fg": "#ed192d",
                            "checked:button_text": "#ffffff",
                            "checked:cursor": "#ff0000",
                            "checked:label_bg": "#ed192d",
                            "checked:label_text": "#000000",
                            "checked:text": "#000000",
                            "checked:text_highlight": "#ff69b4",
                            "disabled:bg": "#ffffff",
                            "disabled:border": "#cbcecf",
                            "disabled:button_bg": "#cbcecf",
                            "disabled:button_fg": "#cbcecf",
                            "disabled:button_text": "#000000",
                            "disabled:cursor": "#ff0000",
                            "disabled:label_bg": "#ffffff",
                            "disabled:label_text": "#000000",
                            "disabled:text": "#989a9a",
                            "disabled:text_highlight": "#ff69b4",
                            "normal:bg": "#ffffff",
                            "normal:border": "#ed192d",
                            "normal:button_bg": "#000000",
                            "normal:button_fg": "#ed192d",
                            "normal:button_text": "#ffffff",
                            "normal:cursor": "#ff0000",
                            "normal:label_bg": "#ffffff",
                            "normal:label_text": "#000000",
                            "normal:text": "#000000",
                            "normal:text_highlight": "#ff69b4"
                        },
                        "visible": true
                    },
                    "width": {
                        "enabled": true,
                        "type": "integer",
                        "value": 64,
                        "visible": true
                    },
                    "x": {
                        "enabled": true,
                        "type": "integer",
                        "value": 731,
                        "visible": true
                    },
                    "y": {
                        "enabled": true,
                        "type": "integer",
                        "value": 7,
                        "visible": true
                    }
                },
                "type": "ImageButtonWidget"
            },
            {
                "properties": {
                    "__categories": [
                        {
                            "expanded": true,
                            "id": "widget",
                            "visible": true
                        },
                        {
                            "expanded": true,
                            "id": "textwidget",
                            "visible": true
                        }
                    ],
                    "__groups": [
                        {
                            "expanded": false,
                            "id": "position",
                            "visible": true
                        },
                        {
                            "expanded": false,
                            "id": "size",
                            "visible": true
                        },
                        {
                            "expanded": false,
                            "id": "alignment",
                            "visible": true
                        },
                        {
                            "expanded": false,
                            "id": "text_alignment",
                            "visible": true
                        }
                    ],
                    "autoresize": {
                        "enabled": true,
                        "type": "boolean",
                        "value": true,
                        "visible": true
                    },
                    "border": {
                        "enabled": true,
                        "type": "integer",
                        "value": 5,
                        "visible": true
                    },
                    "border_radius": {
                        "enabled": true,
                        "type": "float",
                        "value": 30,
                        "visible": true
                    },
                    "editorExpanded": {
                        "enabled": true,
                        "type": "boolean",
                        "value": true,
                        "visible": true
                    },
                    "editorHidden": {
                        "enabled": true,
                        "type": "boolean",
                        "value": false,
                        "visible": true
                    },
                    "editorLocked": {
                        "enabled": true,
                        "type": "boolean",
                        "value": false,
                        "visible": true
                    },
                    "enabled": {
                        "enabled": true,
                        "type": "boolean",
                        "value": true,
                        "visible": true
                    },
                    "grabmouse": {
                        "enabled": true,
                        "type": "boolean",
                        "value": false,
                        "visible": true
                    },
                    "halign": {
                        "enabled": true,
                        "type": "combo",
                        "value": 0,
                        "visible": true
                    },
                    "height": {
                        "enabled": true,
                        "type": "integer",
                        "value": 100,
                        "visible": true
                    },
                    "id": {
                        "enabled": true,
                        "type": "uuid",
                        "value": "{bc730bef-5233-48d0-aa89-507598e60696}",
                        "visible": true
                    },
                    "layout": {
                        "enabled": true,
                        "type": "boolean",
                        "value": true,
                        "visible": true
                    },
                    "margin": {
                        "enabled": true,
                        "type": "integer",
                        "value": 0,
                        "visible": true
                    },
                    "name": {
                        "enabled": true,
                        "type": "text",
                        "value": "Label62",
                        "visible": true
                    },
                    "padding": {
                        "enabled": true,
                        "type": "integer",
                        "value": 0,
                        "visible": true
                    },
                    "text": {
                        "enabled": true,
                        "type": "text",
                        "value": "Please, plug your car",
                        "visible": true
                    },
                    "text_halign": {
                        "enabled": true,
                        "type": "combo",
                        "value": 1,
                        "visible": true
                    },
                    "text_valign": {
                        "enabled": true,
                        "type": "combo",
                        "value": 2,
                        "visible": true
                    },
                    "valign": {
                        "enabled": true,
                        "type": "combo",
                        "value": 0,
                        "visible": true
                    },
                    "visible": {
                        "enabled": true,
                        "type": "boolean",
                        "value": true,
                        "visible": true
                    },
                    "widget_fillflags": {
                        "enabled": true,
                        "type": "combo",
                        "value": 2,
                        "visible": true
                    },
                    "widget_font": {
                        "enabled": true,
                        "type": "font",
                        "value": {
                            "family": "Sans Serif",
                            "pointSize": 28,
                            "style": 0,
                            "weight": 50
                        },
                        "visible": true
                    },
                    "widget_palette": {
                        "enabled": true,
                        "type": "Palette",
                        "value": {
                            "active:bg": "#ffffff",
                            "active:border": "#ed192d",
                            "active:button_bg": "#c01f2a",
                            "active:button_fg": "#ed192d",
                            "active:button_text": "#ffffff",
                            "active:cursor": "#ff0000",
                            "active:label_bg": "#000000",
                            "active:label_text": "#808080",
                            "active:text": "#000000",
                            "active:text_highlight": "#ff69b4",
                            "checked:bg": "#ffffff",
                            "checked:border": "#ed192d",
                            "checked:button_bg": "#ed192d",
                            "checked:button_fg": "#ed192d",
                            "checked:button_text": "#ffffff",
                            "checked:cursor": "#ff0000",
                            "checked:label_bg": "#ed192d",
                            "checked:label_text": "#000000",
                            "checked:text": "#000000",
                            "checked:text_highlight": "#ff69b4",
                            "disabled:bg": "#ffffff",
                            "disabled:border": "#cbcecf",
                            "disabled:button_bg": "#cbcecf",
                            "disabled:button_fg": "#cbcecf",
                            "disabled:button_text": "#000000",
                            "disabled:cursor": "#ff0000",
                            "disabled:label_bg": "#ffffff",
                            "disabled:label_text": "#000000",
                            "disabled:text": "#989a9a",
                            "disabled:text_highlight": "#ff69b4",
                            "normal:bg": "#ffffff",
                            "normal:border": "#000000",
                            "normal:button_bg": "#ed192d",
                            "normal:button_fg": "#ed192d",
                            "normal:button_text": "#ffffff",
                            "normal:cursor": "#ff0000",
                            "normal:label_bg": "#000000",
                            "normal:label_text": "#ffffff",
                            "normal:text": "#000000",
                            "normal:text_highlight": "#ff69b4"
                        },
                        "visible": true
                    },
                    "width": {
                        "enabled": true,
                        "type": "integer",
                        "value": 400,
                        "visible": true
                    },
                    "x": {
                        "enabled": true,
                        "type": "integer",
                        "value": 201,
                        "visible": true
                    },
                    "y": {
                        "enabled": true,
                        "type": "integer",
                        "value": 190,
                        "visible": true
                    }
                },
                "type": "LabelWidget"
            },
            {
                "properties": {
                    "__categories": [
                        {
                            "expanded": true,
                            "id": "widget",
                            "visible": true
                        },
                        {
                            "expanded": true,
                            "id": "textwidget",
                            "visible": true
                        }
                    ],
                    "__groups": [
                        {
                            "expanded": false,
                            "id": "position",
                            "visible": true
                        },
                        {
                            "expanded": false,
                            "id": "size",
                            "visible": true
                        },
                        {
                            "expanded": false,
                            "id": "alignment",
                            "visible": true
                        },
                        {
                            "expanded": false,
                            "id": "text_alignment",
                            "visible": true
                        }
                    ],
                    "autoresize": {
                        "enabled": true,
                        "type": "boolean",
                        "value": true,
                        "visible": true
                    },
                    "border": {
                        "enabled": true,
                        "type": "integer",
                        "value": 0,
                        "visible": true
                    },
                    "border_radius": {
                        "enabled": true,
                        "type": "float",
                        "value": 0,
                        "visible": true
                    },
                    "editorExpanded": {
                        "enabled": true,
                        "type": "boolean",
                        "value": true,
                        "visible": true
                    },
                    "editorHidden": {
                        "enabled": true,
                        "type": "boolean",
                        "value": false,
                        "visible": true
                    },
                    "editorLocked": {
                        "enabled": true,
                        "type": "boolean",
                        "value": false,
                        "visible": true
                    },
                    "enabled": {
                        "enabled": true,
                        "type": "boolean",
                        "value": true,
                        "visible": true
                    },
                    "grabmouse": {
                        "enabled": true,
                        "type": "boolean",
                        "value": false,
                        "visible": true
                    },
                    "halign": {
                        "enabled": true,
                        "type": "combo",
                        "value": 0,
                        "visible": true
                    },
                    "height": {
                        "enabled": true,
                        "type": "integer",
                        "value": 97,
                        "visible": true
                    },
                    "id": {
                        "enabled": true,
                        "type": "uuid",
                        "value": "{756c0ce8-907a-4c1e-92f9-57853266e3b5}",
                        "visible": true
                    },
                    "layout": {
                        "enabled": true,
                        "type": "boolean",
                        "value": true,
                        "visible": true
                    },
                    "margin": {
                        "enabled": true,
                        "type": "integer",
                        "value": 0,
                        "visible": true
                    },
                    "name": {
                        "enabled": true,
                        "type": "text",
                        "value": "Label63",
                        "visible": true
                    },
                    "padding": {
                        "enabled": true,
                        "type": "integer",
                        "value": 0,
                        "visible": true
                    },
                    "text": {
                        "enabled": true,
                        "type": "text",
                        "value": "and power ON",
                        "visible": true
                    },
                    "text_halign": {
                        "enabled": true,
                        "type": "combo",
                        "value": 1,
                        "visible": true
                    },
                    "text_valign": {
                        "enabled": true,
                        "type": "combo",
                        "value": 1,
                        "visible": true
                    },
                    "valign": {
                        "enabled": true,
                        "type": "combo",
                        "value": 0,
                        "visible": true
                    },
                    "visible": {
                        "enabled": true,
                        "type": "boolean",
                        "value": true,
                        "visible": true
                    },
                    "widget_fillflags": {
                        "enabled": true,
                        "type": "combo",
                        "value": 0,
                        "visible": true
                    },
                    "widget_font": {
                        "enabled": true,
                        "type": "font",
                        "value": {
                            "family": "Sans Serif",
                            "pointSize": 28,
                            "style": 0,
                            "weight": 50
                        },
                        "visible": true
                    },
                    "widget_palette": {
                        "enabled": true,
                        "type": "Palette",
                        "value": {
                            "active:bg": "#ffffff",
                            "active:border": "#ed192d",
                            "active:button_bg": "#c01f2a",
                            "active:button_fg": "#ed192d",
                            "active:button_text": "#ffffff",
                            "active:cursor": "#ff0000",
                            "active:label_bg": "#ffffff",
                            "active:label_text": "#808080",
                            "active:text": "#000000",
                            "active:text_highlight": "#ff69b4",
                            "checked:bg": "#ffffff",
                            "checked:border": "#ed192d",
                            "checked:button_bg": "#ed192d",
                            "checked:button_fg": "#ed192d",
                            "checked:button_text": "#ffffff",
                            "checked:cursor": "#ff0000",
                            "checked:label_bg": "#ed192d",
                            "checked:label_text": "#000000",
                            "checked:text": "#000000",
                            "checked:text_highlight": "#ff69b4",
                            "disabled:bg": "#ffffff",
                            "disabled:border": "#cbcecf",
                            "disabled:button_bg": "#cbcecf",
                            "disabled:button_fg": "#cbcecf",
                            "disabled:button_text": "#000000",
                            "disabled:cursor": "#ff0000",
                            "disabled:label_bg": "#ffffff",
                            "disabled:label_text": "#000000",
                            "disabled:text": "#989a9a",
                            "disabled:text_highlight": "#ff69b4",
                            "normal:bg": "#ffffff",
                            "normal:border": "#ed192d",
                            "normal:button_bg": "#ed192d",
                            "normal:button_fg": "#ed192d",
                            "normal:button_text": "#ffffff",
                            "normal:cursor": "#ff0000",
                            "normal:label_bg": "#000000",
                            "normal:label_text": "#ffffff",
                            "normal:text": "#000000",
                            "normal:text_highlight": "#ff69b4"
                        },
                        "visible": true
                    },
                    "width": {
                        "enabled": true,
                        "type": "integer",
                        "value": 371,
                        "visible": true
                    },
                    "x": {
                        "enabled": true,
                        "type": "integer",
                        "value": 211,
                        "visible": true
                    },
                    "y": {
                        "enabled": true,
                        "type": "integer",
                        "value": 203,
                        "visible": true
                    }
                },
                "type": "LabelWidget"
            }
        ],
        "properties": {
            "__categories": [
                {
                    "expanded": true,
                    "id": "widget",
                    "visible": true
                },
                {
                    "expanded": true,
                    "id": "window",
                    "visible": true
                }
            ],
            "__groups": [
                {
                    "expanded": false,
                    "id": "position",
                    "visible": true
                },
                {
                    "expanded": false,
                    "id": "size",
                    "visible": true
                },
                {
                    "expanded": false,
                    "id": "alignment",
                    "visible": true
                }
            ],
            "autoresize": {
                "enabled": true,
                "type": "boolean",
                "value": true,
                "visible": true
            },
            "border": {
                "enabled": true,
                "type": "integer",
                "value": 0,
                "visible": true
            },
            "border_radius": {
                "enabled": true,
                "type": "float",
                "value": 0,
                "visible": true
            },
            "editorExpanded": {
                "enabled": true,
                "type": "boolean",
                "value": true,
                "visible": true
            },
            "editorHidden": {
                "enabled": true,
                "type": "boolean",
                "value": false,
                "visible": true
            },
            "editorLocked": {
                "enabled": true,
                "type": "boolean",
                "value": false,
                "visible": true
            },
            "enabled": {
                "enabled": true,
                "type": "boolean",
                "value": true,
                "visible": true
            },
            "grabmouse": {
                "enabled": true,
                "type": "boolean",
                "value": false,
                "visible": true
            },
            "halign": {
                "enabled": true,
                "type": "combo",
                "value": 0,
                "visible": true
            },
            "height": {
                "enabled": true,
                "type": "integer",
                "value": 481,
                "visible": true
            },
            "id": {
                "enabled": true,
                "type": "uuid",
                "value": "{b877aefd-3649-430f-8abc-1a3d5b03e55a}",
                "visible": true
            },
            "layout": {
                "enabled": true,
                "type": "boolean",
                "value": true,
                "visible": true
            },
            "margin": {
                "enabled": true,
                "type": "integer",
                "value": 0,
                "visible": true
            },
            "name": {
                "enabled": true,
                "type": "text",
                "value": "Startup_screen_window",
                "visible": true
            },
            "padding": {
                "enabled": true,
                "type": "integer",
                "value": 0,
                "visible": true
            },
            "pixel_format": {
                "enabled": true,
                "type": "combo",
                "value": 1,
                "visible": true
            },
            "valign": {
                "enabled": true,
                "type": "combo",
                "value": 0,
                "visible": true
            },
            "visible": {
                "enabled": true,
                "type": "boolean",
                "value": false,
                "visible": true
            },
            "widget_fillflags": {
                "enabled": true,
                "type": "combo",
                "value": 1,
                "visible": true
            },
            "widget_font": {
                "enabled": true,
                "type": "font",
                "visible": true
            },
            "widget_palette": {
                "enabled": true,
                "type": "Palette",
                "visible": true
            },
            "width": {
                "enabled": true,
                "type": "integer",
                "value": 800,
                "visible": true
            },
            "window_hint": {
                "enabled": true,
                "type": "combo",
                "value": 0,
                "visible": true
            },
            "x": {
                "enabled": true,
                "type": "integer",
                "value": 1,
                "visible": true
            },
            "y": {
                "enabled": true,
                "type": "integer",
                "value": 0,
                "visible": true
            }
        },
        "type": "ScreenWindowWidget"
    }
}
