{
    "properties": {
        "__categories": [
            {
                "expanded": true,
                "id": "screen",
                "visible": true
            }
        ],
        "__groups": [
        ],
        "id": {
            "enabled": true,
            "type": "uuid",
            "value": "{cdfbf16c-87a6-4aac-a02f-b8398b62092f}",
            "visible": true
        },
        "name": {
            "enabled": true,
            "type": "text",
            "value": "Screen0",
            "visible": true
        }
    },
    "startup": true,
    "window": {
        "children": [
            {
                "children": [
                    {
                        "properties": {
                            "__categories": [
                                {
                                    "expanded": true,
                                    "id": "widget",
                                    "visible": true
                                },
                                {
                                    "expanded": true,
                                    "id": "textwidget",
                                    "visible": true
                                },
                                {
                                    "expanded": true,
                                    "id": "imageholder",
                                    "visible": true
                                }
                            ],
                            "__groups": [
                                {
                                    "expanded": false,
                                    "id": "position",
                                    "visible": true
                                },
                                {
                                    "expanded": false,
                                    "id": "size",
                                    "visible": true
                                },
                                {
                                    "expanded": false,
                                    "id": "alignment",
                                    "visible": true
                                },
                                {
                                    "expanded": false,
                                    "id": "text_alignment",
                                    "visible": true
                                },
                                {
                                    "expanded": false,
                                    "id": "imageholder_scale",
                                    "visible": true
                                }
                            ],
                            "autoresize": {
                                "enabled": true,
                                "type": "boolean",
                                "value": true,
                                "visible": true
                            },
                            "border": {
                                "enabled": true,
                                "type": "integer",
                                "value": 0,
                                "visible": true
                            },
                            "border_radius": {
                                "enabled": true,
                                "type": "float",
                                "value": 0,
                                "visible": true
                            },
                            "editorExpanded": {
                                "enabled": true,
                                "type": "boolean",
                                "value": true,
                                "visible": true
                            },
                            "editorHidden": {
                                "enabled": true,
                                "type": "boolean",
                                "value": false,
                                "visible": true
                            },
                            "editorLocked": {
                                "enabled": true,
                                "type": "boolean",
                                "value": false,
                                "visible": true
                            },
                            "enabled": {
                                "enabled": true,
                                "type": "boolean",
                                "value": true,
                                "visible": true
                            },
                            "grabmouse": {
                                "enabled": true,
                                "type": "boolean",
                                "value": false,
                                "visible": true
                            },
                            "halign": {
                                "enabled": true,
                                "type": "combo",
                                "value": 0,
                                "visible": true
                            },
                            "height": {
                                "enabled": true,
                                "type": "integer",
                                "value": 100,
                                "visible": true
                            },
                            "id": {
                                "enabled": true,
                                "type": "uuid",
                                "value": "{fe508ad1-e699-40bd-a078-677dd9e68660}",
                                "visible": true
                            },
                            "imageholder_auto_scale_image": {
                                "enabled": true,
                                "type": "boolean",
                                "value": true,
                                "visible": true
                            },
                            "imageholder_hscale": {
                                "enabled": false,
                                "type": "float",
                                "value": 0.78125,
                                "visible": true
                            },
                            "imageholder_image_align": {
                                "enabled": true,
                                "type": "combo",
                                "value": 1,
                                "visible": true
                            },
                            "imageholder_keep_image_ratio": {
                                "enabled": true,
                                "type": "boolean",
                                "value": true,
                                "visible": true
                            },
                            "imageholder_show_label": {
                                "enabled": true,
                                "type": "boolean",
                                "value": false,
                                "visible": true
                            },
                            "imageholder_uri": {
                                "enabled": true,
                                "type": "image",
                                "value": "file:128px/egt_logo_icon.png",
                                "visible": true
                            },
                            "imageholder_vscale": {
                                "enabled": false,
                                "type": "float",
                                "value": 0.78125,
                                "visible": true
                            },
                            "layout": {
                                "enabled": true,
                                "type": "boolean",
                                "value": true,
                                "visible": true
                            },
                            "margin": {
                                "enabled": true,
                                "type": "integer",
                                "value": 0,
                                "visible": true
                            },
                            "name": {
                                "enabled": true,
                                "type": "text",
                                "value": "ImageLabel8",
                                "visible": true
                            },
                            "padding": {
                                "enabled": true,
                                "type": "integer",
                                "value": 0,
                                "visible": true
                            },
                            "text": {
                                "enabled": true,
                                "type": "text",
                                "value": "ImageLabel8",
                                "visible": true
                            },
                            "text_halign": {
                                "enabled": true,
                                "type": "combo",
                                "value": 1,
                                "visible": true
                            },
                            "text_valign": {
                                "enabled": true,
                                "type": "combo",
                                "value": 1,
                                "visible": true
                            },
                            "valign": {
                                "enabled": true,
                                "type": "combo",
                                "value": 0,
                                "visible": true
                            },
                            "visible": {
                                "enabled": true,
                                "type": "boolean",
                                "value": true,
                                "visible": true
                            },
                            "widget_fillflags": {
                                "enabled": true,
                                "type": "combo",
                                "value": 0,
                                "visible": true
                            },
                            "widget_font": {
                                "enabled": true,
                                "type": "font",
                                "visible": true
                            },
                            "widget_palette": {
                                "enabled": true,
                                "type": "Palette",
                                "visible": true
                            },
                            "width": {
                                "enabled": true,
                                "type": "integer",
                                "value": 100,
                                "visible": true
                            },
                            "x": {
                                "enabled": true,
                                "type": "integer",
                                "value": 283,
                                "visible": true
                            },
                            "y": {
                                "enabled": true,
                                "type": "integer",
                                "value": 0,
                                "visible": true
                            }
                        },
                        "type": "ImageLabelWidget"
                    },
                    {
                        "properties": {
                            "__categories": [
                                {
                                    "expanded": true,
                                    "id": "widget",
                                    "visible": true
                                },
                                {
                                    "expanded": true,
                                    "id": "textwidget",
                                    "visible": true
                                }
                            ],
                            "__groups": [
                                {
                                    "expanded": false,
                                    "id": "position",
                                    "visible": true
                                },
                                {
                                    "expanded": false,
                                    "id": "size",
                                    "visible": true
                                },
                                {
                                    "expanded": false,
                                    "id": "alignment",
                                    "visible": true
                                },
                                {
                                    "expanded": false,
                                    "id": "text_alignment",
                                    "visible": true
                                }
                            ],
                            "autoresize": {
                                "enabled": true,
                                "type": "boolean",
                                "value": true,
                                "visible": true
                            },
                            "border": {
                                "enabled": true,
                                "type": "integer",
                                "value": 0,
                                "visible": true
                            },
                            "border_radius": {
                                "enabled": true,
                                "type": "float",
                                "value": 0,
                                "visible": true
                            },
                            "editorExpanded": {
                                "enabled": true,
                                "type": "boolean",
                                "value": true,
                                "visible": true
                            },
                            "editorHidden": {
                                "enabled": true,
                                "type": "boolean",
                                "value": false,
                                "visible": true
                            },
                            "editorLocked": {
                                "enabled": true,
                                "type": "boolean",
                                "value": false,
                                "visible": true
                            },
                            "enabled": {
                                "enabled": true,
                                "type": "boolean",
                                "value": true,
                                "visible": true
                            },
                            "grabmouse": {
                                "enabled": true,
                                "type": "boolean",
                                "value": false,
                                "visible": true
                            },
                            "halign": {
                                "enabled": true,
                                "type": "combo",
                                "value": 0,
                                "visible": true
                            },
                            "height": {
                                "enabled": true,
                                "type": "integer",
                                "value": 100,
                                "visible": true
                            },
                            "id": {
                                "enabled": true,
                                "type": "uuid",
                                "value": "{5b48922b-080f-4950-9289-da869474b3f6}",
                                "visible": true
                            },
                            "layout": {
                                "enabled": true,
                                "type": "boolean",
                                "value": true,
                                "visible": true
                            },
                            "margin": {
                                "enabled": true,
                                "type": "integer",
                                "value": 0,
                                "visible": true
                            },
                            "name": {
                                "enabled": true,
                                "type": "text",
                                "value": "Label9",
                                "visible": true
                            },
                            "padding": {
                                "enabled": true,
                                "type": "integer",
                                "value": 0,
                                "visible": true
                            },
                            "text": {
                                "enabled": true,
                                "type": "text",
                                "value": "HelloWorld",
                                "visible": true
                            },
                            "text_halign": {
                                "enabled": true,
                                "type": "combo",
                                "value": 1,
                                "visible": true
                            },
                            "text_valign": {
                                "enabled": true,
                                "type": "combo",
                                "value": 1,
                                "visible": true
                            },
                            "valign": {
                                "enabled": true,
                                "type": "combo",
                                "value": 0,
                                "visible": true
                            },
                            "visible": {
                                "enabled": true,
                                "type": "boolean",
                                "value": true,
                                "visible": true
                            },
                            "widget_fillflags": {
                                "enabled": true,
                                "type": "combo",
                                "value": 0,
                                "visible": true
                            },
                            "widget_font": {
                                "enabled": true,
                                "type": "font",
                                "value": {
                                    "family": "Sans Serif",
                                    "pointSize": 24,
                                    "style": 0,
                                    "weight": 50
                                },
                                "visible": true
                            },
                            "widget_palette": {
                                "enabled": true,
                                "type": "Palette",
                                "visible": true
                            },
                            "width": {
                                "enabled": true,
                                "type": "integer",
                                "value": 133,
                                "visible": true
                            },
                            "x": {
                                "enabled": true,
                                "type": "integer",
                                "value": 383,
                                "visible": true
                            },
                            "y": {
                                "enabled": true,
                                "type": "integer",
                                "value": 0,
                                "visible": true
                            }
                        },
                        "type": "LabelWidget"
                    }
                ],
                "properties": {
                    "__categories": [
                        {
                            "expanded": true,
                            "id": "widget",
                            "visible": true
                        },
                        {
                            "expanded": true,
                            "id": "boxsizer",
                            "visible": true
                        }
                    ],
                    "__groups": [
                        {
                            "expanded": false,
                            "id": "position",
                            "visible": true
                        },
                        {
                            "expanded": false,
                            "id": "size",
                            "visible": true
                        },
                        {
                            "expanded": true,
                            "id": "alignment",
                            "visible": true
                        }
                    ],
                    "autoresize": {
                        "enabled": true,
                        "type": "boolean",
                        "value": true,
                        "visible": true
                    },
                    "border": {
                        "enabled": true,
                        "type": "integer",
                        "value": 0,
                        "visible": true
                    },
                    "border_radius": {
                        "enabled": true,
                        "type": "float",
                        "value": 0,
                        "visible": true
                    },
                    "editorExpanded": {
                        "enabled": true,
                        "type": "boolean",
                        "value": true,
                        "visible": true
                    },
                    "editorHidden": {
                        "enabled": true,
                        "type": "boolean",
                        "value": false,
                        "visible": true
                    },
                    "editorLocked": {
                        "enabled": true,
                        "type": "boolean",
                        "value": false,
                        "visible": true
                    },
                    "enabled": {
                        "enabled": true,
                        "type": "boolean",
                        "value": true,
                        "visible": true
                    },
                    "grabmouse": {
                        "enabled": true,
                        "type": "boolean",
                        "value": false,
                        "visible": true
                    },
                    "halign": {
                        "enabled": true,
                        "type": "combo",
                        "value": 4,
                        "visible": true
                    },
                    "height": {
                        "enabled": true,
                        "type": "integer",
                        "value": 100,
                        "visible": true
                    },
                    "id": {
                        "enabled": true,
                        "type": "uuid",
                        "value": "{3d09b051-2268-42fd-96eb-531b82d0a184}",
                        "visible": true
                    },
                    "justification": {
                        "enabled": true,
                        "type": "combo",
                        "value": 2,
                        "visible": true
                    },
                    "layout": {
                        "enabled": true,
                        "type": "boolean",
                        "value": true,
                        "visible": true
                    },
                    "margin": {
                        "enabled": true,
                        "type": "integer",
                        "value": 0,
                        "visible": true
                    },
                    "name": {
                        "enabled": true,
                        "type": "text",
                        "value": "BoxSizer2",
                        "visible": true
                    },
                    "padding": {
                        "enabled": true,
                        "type": "integer",
                        "value": 0,
                        "visible": true
                    },
                    "valign": {
                        "enabled": true,
                        "type": "combo",
                        "value": 2,
                        "visible": true
                    },
                    "visible": {
                        "enabled": true,
                        "type": "boolean",
                        "value": true,
                        "visible": true
                    },
                    "widget_fillflags": {
                        "enabled": true,
                        "type": "combo",
                        "value": 0,
                        "visible": true
                    },
                    "widget_font": {
                        "enabled": true,
                        "type": "font",
                        "visible": true
                    },
                    "widget_palette": {
                        "enabled": true,
                        "type": "Palette",
                        "visible": true
                    },
                    "width": {
                        "enabled": true,
                        "type": "integer",
                        "value": 800,
                        "visible": true
                    },
                    "x": {
                        "enabled": true,
                        "type": "integer",
                        "value": 0,
                        "visible": true
                    },
                    "y": {
                        "enabled": true,
                        "type": "integer",
                        "value": 0,
                        "visible": true
                    }
                },
                "type": "HorizontalBoxSizerWidget"
            },
            {
                "children": [
                    {
                        "properties": {
                            "__categories": [
                                {
                                    "expanded": true,
                                    "id": "widget",
                                    "visible": true
                                },
                                {
                                    "expanded": true,
                                    "id": "textwidget",
                                    "visible": true
                                },
                                {
                                    "expanded": true,
                                    "id": "button",
                                    "visible": true
                                }
                            ],
                            "__groups": [
                                {
                                    "expanded": false,
                                    "id": "position",
                                    "visible": true
                                },
                                {
                                    "expanded": false,
                                    "id": "size",
                                    "visible": true
                                },
                                {
                                    "expanded": false,
                                    "id": "alignment",
                                    "visible": true
                                },
                                {
                                    "expanded": false,
                                    "id": "text_alignment",
                                    "visible": true
                                }
                            ],
                            "autoresize": {
                                "enabled": true,
                                "type": "boolean",
                                "value": true,
                                "visible": true
                            },
                            "border": {
                                "enabled": true,
                                "type": "integer",
                                "value": 0,
                                "visible": true
                            },
                            "border_radius": {
                                "enabled": true,
                                "type": "float",
                                "value": 4,
                                "visible": true
                            },
                            "checked": {
                                "enabled": true,
                                "type": "boolean",
                                "value": false,
                                "visible": true
                            },
                            "editorExpanded": {
                                "enabled": true,
                                "type": "boolean",
                                "value": true,
                                "visible": true
                            },
                            "editorHidden": {
                                "enabled": true,
                                "type": "boolean",
                                "value": false,
                                "visible": true
                            },
                            "editorLocked": {
                                "enabled": true,
                                "type": "boolean",
                                "value": false,
                                "visible": true
                            },
                            "enabled": {
                                "enabled": true,
                                "type": "boolean",
                                "value": true,
                                "visible": true
                            },
                            "grabmouse": {
                                "enabled": true,
                                "type": "boolean",
                                "value": false,
                                "visible": true
                            },
                            "halign": {
                                "enabled": true,
                                "type": "combo",
                                "value": 0,
                                "visible": true
                            },
                            "height": {
                                "enabled": true,
                                "type": "integer",
                                "value": 57,
                                "visible": true
                            },
                            "id": {
                                "enabled": true,
                                "type": "uuid",
                                "value": "{4dbca23a-ceb0-43a2-b4bc-88f1dd385816}",
                                "visible": true
                            },
                            "layout": {
                                "enabled": true,
                                "type": "boolean",
                                "value": true,
                                "visible": true
                            },
                            "margin": {
                                "enabled": true,
                                "type": "integer",
                                "value": 0,
                                "visible": true
                            },
                            "name": {
                                "enabled": true,
                                "type": "text",
                                "value": "Button6",
                                "visible": true
                            },
                            "padding": {
                                "enabled": true,
                                "type": "integer",
                                "value": 0,
                                "visible": true
                            },
                            "text": {
                                "enabled": true,
                                "type": "text",
                                "value": "Start",
                                "visible": true
                            },
                            "text_halign": {
                                "enabled": true,
                                "type": "combo",
                                "value": 1,
                                "visible": true
                            },
                            "text_valign": {
                                "enabled": true,
                                "type": "combo",
                                "value": 1,
                                "visible": true
                            },
                            "valign": {
                                "enabled": true,
                                "type": "combo",
                                "value": 0,
                                "visible": true
                            },
                            "visible": {
                                "enabled": true,
                                "type": "boolean",
                                "value": true,
                                "visible": true
                            },
                            "widget_fillflags": {
                                "enabled": true,
                                "type": "combo",
                                "value": 2,
                                "visible": true
                            },
                            "widget_font": {
                                "enabled": true,
                                "type": "font",
                                "visible": true
                            },
                            "widget_palette": {
                                "enabled": true,
                                "type": "Palette",
                                "visible": true
                            },
                            "width": {
                                "enabled": true,
                                "type": "integer",
                                "value": 90,
                                "visible": true
                            },
                            "x": {
                                "enabled": true,
                                "type": "integer",
                                "value": 355,
                                "visible": true
                            },
                            "y": {
                                "enabled": true,
                                "type": "integer",
                                "value": 0,
                                "visible": true
                            }
                        },
                        "type": "ButtonWidget"
                    },
                    {
                        "properties": {
                            "__categories": [
                                {
                                    "expanded": true,
                                    "id": "widget",
                                    "visible": true
                                },
                                {
                                    "expanded": true,
                                    "id": "textwidget",
                                    "visible": true
                                }
                            ],
                            "__groups": [
                                {
                                    "expanded": false,
                                    "id": "position",
                                    "visible": true
                                },
                                {
                                    "expanded": false,
                                    "id": "size",
                                    "visible": true
                                },
                                {
                                    "expanded": false,
                                    "id": "alignment",
                                    "visible": true
                                },
                                {
                                    "expanded": false,
                                    "id": "text_alignment",
                                    "visible": true
                                }
                            ],
                            "autoresize": {
                                "enabled": true,
                                "type": "boolean",
                                "value": true,
                                "visible": true
                            },
                            "border": {
                                "enabled": true,
                                "type": "integer",
                                "value": 0,
                                "visible": true
                            },
                            "border_radius": {
                                "enabled": true,
                                "type": "float",
                                "value": 0,
                                "visible": true
                            },
                            "editorExpanded": {
                                "enabled": true,
                                "type": "boolean",
                                "value": true,
                                "visible": true
                            },
                            "editorHidden": {
                                "enabled": true,
                                "type": "boolean",
                                "value": false,
                                "visible": true
                            },
                            "editorLocked": {
                                "enabled": true,
                                "type": "boolean",
                                "value": false,
                                "visible": true
                            },
                            "enabled": {
                                "enabled": true,
                                "type": "boolean",
                                "value": true,
                                "visible": true
                            },
                            "grabmouse": {
                                "enabled": true,
                                "type": "boolean",
                                "value": false,
                                "visible": true
                            },
                            "halign": {
                                "enabled": true,
                                "type": "combo",
                                "value": 0,
                                "visible": true
                            },
                            "height": {
                                "enabled": true,
                                "type": "integer",
                                "value": 100,
                                "visible": true
                            },
                            "id": {
                                "enabled": true,
                                "type": "uuid",
                                "value": "{61fa80fb-7e0f-4a03-a78d-984f65390b91}",
                                "visible": true
                            },
                            "layout": {
                                "enabled": true,
                                "type": "boolean",
                                "value": true,
                                "visible": true
                            },
                            "margin": {
                                "enabled": true,
                                "type": "integer",
                                "value": 0,
                                "visible": true
                            },
                            "name": {
                                "enabled": true,
                                "type": "text",
                                "value": "Label10",
                                "visible": true
                            },
                            "padding": {
                                "enabled": true,
                                "type": "integer",
                                "value": 0,
                                "visible": true
                            },
                            "text": {
                                "enabled": true,
                                "type": "text",
                                "value": "Loading",
                                "visible": true
                            },
                            "text_halign": {
                                "enabled": true,
                                "type": "combo",
                                "value": 1,
                                "visible": true
                            },
                            "text_valign": {
                                "enabled": true,
                                "type": "combo",
                                "value": 1,
                                "visible": true
                            },
                            "valign": {
                                "enabled": true,
                                "type": "combo",
                                "value": 0,
                                "visible": true
                            },
                            "visible": {
                                "enabled": true,
                                "type": "boolean",
                                "value": true,
                                "visible": true
                            },
                            "widget_fillflags": {
                                "enabled": true,
                                "type": "combo",
                                "value": 0,
                                "visible": true
                            },
                            "widget_font": {
                                "enabled": true,
                                "type": "font",
                                "visible": true
                            },
                            "widget_palette": {
                                "enabled": true,
                                "type": "Palette",
                                "visible": true
                            },
                            "width": {
                                "enabled": true,
                                "type": "integer",
                                "value": 100,
                                "visible": true
                            },
                            "x": {
                                "enabled": true,
                                "type": "integer",
                                "value": 350,
                                "visible": true
                            },
                            "y": {
                                "enabled": true,
                                "type": "integer",
                                "value": 57,
                                "visible": true
                            }
                        },
                        "type": "LabelWidget"
                    }
                ],
                "properties": {
                    "__categories": [
                        {
                            "expanded": true,
                            "id": "widget",
                            "visible": true
                        },
                        {
                            "expanded": true,
                            "id": "boxsizer",
                            "visible": true
                        }
                    ],
                    "__groups": [
                        {
                            "expanded": false,
                            "id": "position",
                            "visible": true
                        },
                        {
                            "expanded": false,
                            "id": "size",
                            "visible": true
                        },
                        {
                            "expanded": true,
                            "id": "alignment",
                            "visible": true
                        }
                    ],
                    "autoresize": {
                        "enabled": true,
                        "type": "boolean",
                        "value": true,
                        "visible": true
                    },
                    "border": {
                        "enabled": true,
                        "type": "integer",
                        "value": 0,
                        "visible": true
                    },
                    "border_radius": {
                        "enabled": true,
                        "type": "float",
                        "value": 0,
                        "visible": true
                    },
                    "editorExpanded": {
                        "enabled": true,
                        "type": "boolean",
                        "value": true,
                        "visible": true
                    },
                    "editorHidden": {
                        "enabled": true,
                        "type": "boolean",
                        "value": false,
                        "visible": true
                    },
                    "editorLocked": {
                        "enabled": true,
                        "type": "boolean",
                        "value": false,
                        "visible": true
                    },
                    "enabled": {
                        "enabled": true,
                        "type": "boolean",
                        "value": true,
                        "visible": true
                    },
                    "grabmouse": {
                        "enabled": true,
                        "type": "boolean",
                        "value": false,
                        "visible": true
                    },
                    "halign": {
                        "enabled": true,
                        "type": "combo",
                        "value": 4,
                        "visible": true
                    },
                    "height": {
                        "enabled": true,
                        "type": "integer",
                        "value": 157,
                        "visible": true
                    },
                    "id": {
                        "enabled": true,
                        "type": "uuid",
                        "value": "{801b9a21-b885-4c3d-8fb7-fa2701dabc67}",
                        "visible": true
                    },
                    "justification": {
                        "enabled": true,
                        "type": "combo",
                        "value": 2,
                        "visible": true
                    },
                    "layout": {
                        "enabled": true,
                        "type": "boolean",
                        "value": true,
                        "visible": true
                    },
                    "margin": {
                        "enabled": true,
                        "type": "integer",
                        "value": 0,
                        "visible": true
                    },
                    "name": {
                        "enabled": true,
                        "type": "text",
                        "value": "BoxSizer4",
                        "visible": true
                    },
                    "padding": {
                        "enabled": true,
                        "type": "integer",
                        "value": 0,
                        "visible": true
                    },
                    "valign": {
                        "enabled": true,
                        "type": "combo",
                        "value": 3,
                        "visible": true
                    },
                    "visible": {
                        "enabled": true,
                        "type": "boolean",
                        "value": true,
                        "visible": true
                    },
                    "widget_fillflags": {
                        "enabled": true,
                        "type": "combo",
                        "value": 0,
                        "visible": true
                    },
                    "widget_font": {
                        "enabled": true,
                        "type": "font",
                        "visible": true
                    },
                    "widget_palette": {
                        "enabled": true,
                        "type": "Palette",
                        "visible": true
                    },
                    "width": {
                        "enabled": true,
                        "type": "integer",
                        "value": 800,
                        "visible": true
                    },
                    "x": {
                        "enabled": true,
                        "type": "integer",
                        "value": 0,
                        "visible": true
                    },
                    "y": {
                        "enabled": true,
                        "type": "integer",
                        "value": 323,
                        "visible": true
                    }
                },
                "type": "VerticalBoxSizerWidget"
            }
        ],
        "properties": {
            "__categories": [
                {
                    "expanded": true,
                    "id": "widget",
                    "visible": true
                },
                {
                    "expanded": true,
                    "id": "window",
                    "visible": true
                }
            ],
            "__groups": [
                {
                    "expanded": false,
                    "id": "position",
                    "visible": true
                },
                {
                    "expanded": false,
                    "id": "size",
                    "visible": true
                },
                {
                    "expanded": false,
                    "id": "alignment",
                    "visible": true
                }
            ],
            "autoresize": {
                "enabled": true,
                "type": "boolean",
                "value": true,
                "visible": true
            },
            "border": {
                "enabled": true,
                "type": "integer",
                "value": 0,
                "visible": true
            },
            "border_radius": {
                "enabled": true,
                "type": "float",
                "value": 0,
                "visible": true
            },
            "editorExpanded": {
                "enabled": true,
                "type": "boolean",
                "value": true,
                "visible": true
            },
            "editorHidden": {
                "enabled": true,
                "type": "boolean",
                "value": false,
                "visible": true
            },
            "editorLocked": {
                "enabled": true,
                "type": "boolean",
                "value": false,
                "visible": true
            },
            "enabled": {
                "enabled": true,
                "type": "boolean",
                "value": true,
                "visible": true
            },
            "grabmouse": {
                "enabled": true,
                "type": "boolean",
                "value": false,
                "visible": true
            },
            "halign": {
                "enabled": true,
                "type": "combo",
                "value": 0,
                "visible": true
            },
            "height": {
                "enabled": true,
                "type": "integer",
                "value": 480,
                "visible": true
            },
            "id": {
                "enabled": true,
                "type": "uuid",
                "value": "{a8977819-8ca6-4d0c-857d-888ea305cf94}",
                "visible": true
            },
            "layout": {
                "enabled": true,
                "type": "boolean",
                "value": true,
                "visible": true
            },
            "margin": {
                "enabled": true,
                "type": "integer",
                "value": 0,
                "visible": true
            },
            "name": {
                "enabled": true,
                "type": "text",
                "value": "Window1",
                "visible": true
            },
            "padding": {
                "enabled": true,
                "type": "integer",
                "value": 0,
                "visible": true
            },
            "pixel_format": {
                "enabled": true,
                "type": "combo",
                "value": 1,
                "visible": true
            },
            "valign": {
                "enabled": true,
                "type": "combo",
                "value": 0,
                "visible": true
            },
            "visible": {
                "enabled": true,
                "type": "boolean",
                "value": true,
                "visible": true
            },
            "widget_fillflags": {
                "enabled": true,
                "type": "combo",
                "value": 1,
                "visible": true
            },
            "widget_font": {
                "enabled": true,
                "type": "font",
                "visible": true
            },
            "widget_palette": {
                "enabled": true,
                "type": "Palette",
                "value": {
                    "active:bg": "#ff0000",
                    "active:border": "#ed192d",
                    "active:button_bg": "#c01f2a",
                    "active:button_fg": "#ed192d",
                    "active:button_text": "#ffffff",
                    "active:cursor": "#ff0000",
                    "active:label_bg": "#ffffff",
                    "active:label_text": "#808080",
                    "active:text": "#000000",
                    "active:text_highlight": "#ff69b4",
                    "checked:bg": "#ffffff",
                    "checked:border": "#ed192d",
                    "checked:button_bg": "#ed192d",
                    "checked:button_fg": "#ed192d",
                    "checked:button_text": "#ffffff",
                    "checked:cursor": "#ff0000",
                    "checked:label_bg": "#ed192d",
                    "checked:label_text": "#000000",
                    "checked:text": "#000000",
                    "checked:text_highlight": "#ff69b4",
                    "disabled:bg": "#ffffff",
                    "disabled:border": "#cbcecf",
                    "disabled:button_bg": "#cbcecf",
                    "disabled:button_fg": "#cbcecf",
                    "disabled:button_text": "#000000",
                    "disabled:cursor": "#ff0000",
                    "disabled:label_bg": "#ffffff",
                    "disabled:label_text": "#000000",
                    "disabled:text": "#989a9a",
                    "disabled:text_highlight": "#ff69b4",
                    "normal:bg": "#ffffff",
                    "normal:border": "#ed192d",
                    "normal:button_bg": "#ed192d",
                    "normal:button_fg": "#ed192d",
                    "normal:button_text": "#ffffff",
                    "normal:cursor": "#ff0000",
                    "normal:label_bg": "#ffffff",
                    "normal:label_text": "#000000",
                    "normal:text": "#000000",
                    "normal:text_highlight": "#ff69b4"
                },
                "visible": true
            },
            "width": {
                "enabled": true,
                "type": "integer",
                "value": 800,
                "visible": true
            },
            "window_hint": {
                "enabled": true,
                "type": "combo",
                "value": 0,
                "visible": true
            },
            "x": {
                "enabled": true,
                "type": "integer",
                "value": 7,
                "visible": true
            },
            "y": {
                "enabled": true,
                "type": "integer",
                "value": 2,
                "visible": true
            }
        },
        "type": "ScreenWindowWidget"
    }
}
