{
    "properties": {
        "__categories": [
            {
                "expanded": true,
                "id": "screen",
                "visible": true
            }
        ],
        "__groups": [
        ],
        "id": {
            "enabled": true,
            "type": "uuid",
            "value": "{e145d2be-ef8f-4d5e-8294-da37924ad1c2}",
            "visible": true
        },
        "name": {
            "enabled": true,
            "type": "text",
            "value": "Screen2",
            "visible": true
        }
    },
    "startup": false,
    "window": {
        "children": [
            {
                "properties": {
                    "__categories": [
                        {
                            "expanded": true,
                            "id": "widget",
                            "visible": true
                        },
                        {
                            "expanded": true,
                            "id": "textwidget",
                            "visible": true
                        },
                        {
                            "expanded": true,
                            "id": "imageholder",
                            "visible": true
                        }
                    ],
                    "__groups": [
                        {
                            "expanded": false,
                            "id": "position",
                            "visible": true
                        },
                        {
                            "expanded": false,
                            "id": "size",
                            "visible": true
                        },
                        {
                            "expanded": false,
                            "id": "alignment",
                            "visible": true
                        },
                        {
                            "expanded": false,
                            "id": "text_alignment",
                            "visible": true
                        },
                        {
                            "expanded": false,
                            "id": "imageholder_scale",
                            "visible": true
                        }
                    ],
                    "autoresize": {
                        "enabled": true,
                        "type": "boolean",
                        "value": true,
                        "visible": true
                    },
                    "border": {
                        "enabled": true,
                        "type": "integer",
                        "value": 0,
                        "visible": true
                    },
                    "border_radius": {
                        "enabled": true,
                        "type": "float",
                        "value": 0,
                        "visible": true
                    },
                    "editorExpanded": {
                        "enabled": true,
                        "type": "boolean",
                        "value": true,
                        "visible": true
                    },
                    "editorHidden": {
                        "enabled": true,
                        "type": "boolean",
                        "value": false,
                        "visible": true
                    },
                    "editorLocked": {
                        "enabled": true,
                        "type": "boolean",
                        "value": false,
                        "visible": true
                    },
                    "enabled": {
                        "enabled": true,
                        "type": "boolean",
                        "value": true,
                        "visible": true
                    },
                    "grabmouse": {
                        "enabled": true,
                        "type": "boolean",
                        "value": false,
                        "visible": true
                    },
                    "halign": {
                        "enabled": true,
                        "type": "combo",
                        "value": 0,
                        "visible": true
                    },
                    "height": {
                        "enabled": true,
                        "type": "integer",
                        "value": 1015,
                        "visible": true
                    },
                    "id": {
                        "enabled": true,
                        "type": "uuid",
                        "value": "{52472e3e-b03d-45b0-ac31-fa9bbb0f27e9}",
                        "visible": true
                    },
                    "imageholder_auto_scale_image": {
                        "enabled": true,
                        "type": "boolean",
                        "value": true,
                        "visible": true
                    },
                    "imageholder_hscale": {
                        "enabled": false,
                        "type": "float",
                        "value": 1.3020000457763672,
                        "visible": true
                    },
                    "imageholder_image_align": {
                        "enabled": true,
                        "type": "combo",
                        "value": 1,
                        "visible": true
                    },
                    "imageholder_keep_image_ratio": {
                        "enabled": true,
                        "type": "boolean",
                        "value": true,
                        "visible": true
                    },
                    "imageholder_show_label": {
                        "enabled": true,
                        "type": "boolean",
                        "value": false,
                        "visible": true
                    },
                    "imageholder_uri": {
                        "enabled": true,
                        "type": "image",
                        "value": "file:egt_ressource/start_screen.jpg",
                        "visible": true
                    },
                    "imageholder_vscale": {
                        "enabled": false,
                        "type": "float",
                        "value": 1.3022112846374512,
                        "visible": true
                    },
                    "layout": {
                        "enabled": true,
                        "type": "boolean",
                        "value": true,
                        "visible": true
                    },
                    "margin": {
                        "enabled": true,
                        "type": "integer",
                        "value": 0,
                        "visible": true
                    },
                    "name": {
                        "enabled": true,
                        "type": "text",
                        "value": "ImageLabel66",
                        "visible": true
                    },
                    "padding": {
                        "enabled": true,
                        "type": "integer",
                        "value": 0,
                        "visible": true
                    },
                    "text": {
                        "enabled": true,
                        "type": "text",
                        "value": "ImageLabel66",
                        "visible": true
                    },
                    "text_halign": {
                        "enabled": true,
                        "type": "combo",
                        "value": 1,
                        "visible": true
                    },
                    "text_valign": {
                        "enabled": true,
                        "type": "combo",
                        "value": 1,
                        "visible": true
                    },
                    "valign": {
                        "enabled": true,
                        "type": "combo",
                        "value": 0,
                        "visible": true
                    },
                    "visible": {
                        "enabled": true,
                        "type": "boolean",
                        "value": true,
                        "visible": true
                    },
                    "widget_fillflags": {
                        "enabled": true,
                        "type": "combo",
                        "value": 0,
                        "visible": true
                    },
                    "widget_font": {
                        "enabled": true,
                        "type": "font",
                        "visible": true
                    },
                    "widget_palette": {
                        "enabled": true,
                        "type": "Palette",
                        "value": {
                            "active:bg": "#ffffff",
                            "active:border": "#ed192d",
                            "active:button_bg": "#c01f2a",
                            "active:button_fg": "#ed192d",
                            "active:button_text": "#ffffff",
                            "active:cursor": "#ff0000",
                            "active:label_bg": "#ffffff",
                            "active:label_text": "#808080",
                            "active:text": "#000000",
                            "active:text_highlight": "#ff69b4",
                            "checked:bg": "#ffffff",
                            "checked:border": "#ed192d",
                            "checked:button_bg": "#ed192d",
                            "checked:button_fg": "#ed192d",
                            "checked:button_text": "#ffffff",
                            "checked:cursor": "#ff0000",
                            "checked:label_bg": "#ed192d",
                            "checked:label_text": "#000000",
                            "checked:text": "#000000",
                            "checked:text_highlight": "#ff69b4",
                            "disabled:bg": "#ffffff",
                            "disabled:border": "#cbcecf",
                            "disabled:button_bg": "#cbcecf",
                            "disabled:button_fg": "#cbcecf",
                            "disabled:button_text": "#000000",
                            "disabled:cursor": "#ff0000",
                            "disabled:label_bg": "#ffffff",
                            "disabled:label_text": "#000000",
                            "disabled:text": "#989a9a",
                            "disabled:text_highlight": "#ff69b4",
                            "normal:bg": "#ffffff",
                            "normal:border": "#ed192d",
                            "normal:button_bg": "#ed192d",
                            "normal:button_fg": "#ed192d",
                            "normal:button_text": "#ffffff",
                            "normal:cursor": "#ff0000",
                            "normal:label_bg": "#ffffff",
                            "normal:label_text": "#ffffff",
                            "normal:text": "#000000",
                            "normal:text_highlight": "#ff69b4"
                        },
                        "visible": true
                    },
                    "width": {
                        "enabled": true,
                        "type": "integer",
                        "value": 1302,
                        "visible": true
                    },
                    "x": {
                        "enabled": true,
                        "type": "integer",
                        "value": -174,
                        "visible": true
                    },
                    "y": {
                        "enabled": true,
                        "type": "integer",
                        "value": -288,
                        "visible": true
                    }
                },
                "type": "ImageLabelWidget"
            },
            {
                "properties": {
                    "__categories": [
                        {
                            "expanded": true,
                            "id": "widget",
                            "visible": true
                        },
                        {
                            "expanded": true,
                            "id": "textwidget",
                            "visible": true
                        }
                    ],
                    "__groups": [
                        {
                            "expanded": false,
                            "id": "position",
                            "visible": true
                        },
                        {
                            "expanded": false,
                            "id": "size",
                            "visible": true
                        },
                        {
                            "expanded": false,
                            "id": "alignment",
                            "visible": true
                        },
                        {
                            "expanded": false,
                            "id": "text_alignment",
                            "visible": true
                        }
                    ],
                    "autoresize": {
                        "enabled": true,
                        "type": "boolean",
                        "value": true,
                        "visible": true
                    },
                    "border": {
                        "enabled": true,
                        "type": "integer",
                        "value": 0,
                        "visible": true
                    },
                    "border_radius": {
                        "enabled": true,
                        "type": "float",
                        "value": 0,
                        "visible": true
                    },
                    "editorExpanded": {
                        "enabled": true,
                        "type": "boolean",
                        "value": true,
                        "visible": true
                    },
                    "editorHidden": {
                        "enabled": true,
                        "type": "boolean",
                        "value": false,
                        "visible": true
                    },
                    "editorLocked": {
                        "enabled": true,
                        "type": "boolean",
                        "value": false,
                        "visible": true
                    },
                    "enabled": {
                        "enabled": true,
                        "type": "boolean",
                        "value": true,
                        "visible": true
                    },
                    "grabmouse": {
                        "enabled": true,
                        "type": "boolean",
                        "value": false,
                        "visible": true
                    },
                    "halign": {
                        "enabled": true,
                        "type": "combo",
                        "value": 0,
                        "visible": true
                    },
                    "height": {
                        "enabled": true,
                        "type": "integer",
                        "value": 62,
                        "visible": true
                    },
                    "id": {
                        "enabled": true,
                        "type": "uuid",
                        "value": "{d899c998-cced-4eab-b74a-f558ab9cc4bf}",
                        "visible": true
                    },
                    "layout": {
                        "enabled": true,
                        "type": "boolean",
                        "value": true,
                        "visible": true
                    },
                    "margin": {
                        "enabled": true,
                        "type": "integer",
                        "value": 0,
                        "visible": true
                    },
                    "name": {
                        "enabled": true,
                        "type": "text",
                        "value": "Remaining_time_value",
                        "visible": true
                    },
                    "padding": {
                        "enabled": true,
                        "type": "integer",
                        "value": 0,
                        "visible": true
                    },
                    "text": {
                        "enabled": true,
                        "type": "text",
                        "value": "4h",
                        "visible": true
                    },
                    "text_halign": {
                        "enabled": true,
                        "type": "combo",
                        "value": 1,
                        "visible": true
                    },
                    "text_valign": {
                        "enabled": true,
                        "type": "combo",
                        "value": 1,
                        "visible": true
                    },
                    "valign": {
                        "enabled": true,
                        "type": "combo",
                        "value": 0,
                        "visible": true
                    },
                    "visible": {
                        "enabled": true,
                        "type": "boolean",
                        "value": true,
                        "visible": true
                    },
                    "widget_fillflags": {
                        "enabled": true,
                        "type": "combo",
                        "value": 0,
                        "visible": true
                    },
                    "widget_font": {
                        "enabled": true,
                        "type": "font",
                        "value": {
                            "family": "Sans Serif",
                            "pointSize": 28,
                            "style": 0,
                            "weight": 50
                        },
                        "visible": true
                    },
                    "widget_palette": {
                        "enabled": true,
                        "type": "Palette",
                        "value": {
                            "active:bg": "#ffffff",
                            "active:border": "#ed192d",
                            "active:button_bg": "#c01f2a",
                            "active:button_fg": "#ed192d",
                            "active:button_text": "#ffffff",
                            "active:cursor": "#ff0000",
                            "active:label_bg": "#ffffff",
                            "active:label_text": "#808080",
                            "active:text": "#000000",
                            "active:text_highlight": "#ff69b4",
                            "checked:bg": "#ffffff",
                            "checked:border": "#ed192d",
                            "checked:button_bg": "#ed192d",
                            "checked:button_fg": "#ed192d",
                            "checked:button_text": "#ffffff",
                            "checked:cursor": "#ff0000",
                            "checked:label_bg": "#ed192d",
                            "checked:label_text": "#000000",
                            "checked:text": "#000000",
                            "checked:text_highlight": "#ff69b4",
                            "disabled:bg": "#ffffff",
                            "disabled:border": "#cbcecf",
                            "disabled:button_bg": "#cbcecf",
                            "disabled:button_fg": "#cbcecf",
                            "disabled:button_text": "#000000",
                            "disabled:cursor": "#ff0000",
                            "disabled:label_bg": "#ffffff",
                            "disabled:label_text": "#000000",
                            "disabled:text": "#989a9a",
                            "disabled:text_highlight": "#ff69b4",
                            "normal:bg": "#ffffff",
                            "normal:border": "#ed192d",
                            "normal:button_bg": "#ed192d",
                            "normal:button_fg": "#ed192d",
                            "normal:button_text": "#ffffff",
                            "normal:cursor": "#ff0000",
                            "normal:label_bg": "#ffffff",
                            "normal:label_text": "#ffffff",
                            "normal:text": "#ffffff",
                            "normal:text_highlight": "#ff69b4"
                        },
                        "visible": true
                    },
                    "width": {
                        "enabled": true,
                        "type": "integer",
                        "value": 100,
                        "visible": true
                    },
                    "x": {
                        "enabled": true,
                        "type": "integer",
                        "value": 350,
                        "visible": true
                    },
                    "y": {
                        "enabled": true,
                        "type": "integer",
                        "value": 254,
                        "visible": true
                    }
                },
                "type": "LabelWidget"
            },
            {
                "properties": {
                    "__categories": [
                        {
                            "expanded": true,
                            "id": "widget",
                            "visible": true
                        },
                        {
                            "expanded": true,
                            "id": "textwidget",
                            "visible": true
                        }
                    ],
                    "__groups": [
                        {
                            "expanded": false,
                            "id": "position",
                            "visible": true
                        },
                        {
                            "expanded": false,
                            "id": "size",
                            "visible": true
                        },
                        {
                            "expanded": false,
                            "id": "alignment",
                            "visible": true
                        },
                        {
                            "expanded": false,
                            "id": "text_alignment",
                            "visible": true
                        }
                    ],
                    "autoresize": {
                        "enabled": true,
                        "type": "boolean",
                        "value": true,
                        "visible": true
                    },
                    "border": {
                        "enabled": true,
                        "type": "integer",
                        "value": 5,
                        "visible": true
                    },
                    "border_radius": {
                        "enabled": true,
                        "type": "float",
                        "value": 30,
                        "visible": true
                    },
                    "editorExpanded": {
                        "enabled": true,
                        "type": "boolean",
                        "value": true,
                        "visible": true
                    },
                    "editorHidden": {
                        "enabled": true,
                        "type": "boolean",
                        "value": false,
                        "visible": true
                    },
                    "editorLocked": {
                        "enabled": true,
                        "type": "boolean",
                        "value": false,
                        "visible": true
                    },
                    "enabled": {
                        "enabled": true,
                        "type": "boolean",
                        "value": true,
                        "visible": true
                    },
                    "grabmouse": {
                        "enabled": true,
                        "type": "boolean",
                        "value": false,
                        "visible": true
                    },
                    "halign": {
                        "enabled": true,
                        "type": "combo",
                        "value": 0,
                        "visible": true
                    },
                    "height": {
                        "enabled": true,
                        "type": "integer",
                        "value": 130,
                        "visible": true
                    },
                    "id": {
                        "enabled": true,
                        "type": "uuid",
                        "value": "{a9a60062-5275-49a8-8261-0149a91a5477}",
                        "visible": true
                    },
                    "layout": {
                        "enabled": true,
                        "type": "boolean",
                        "value": true,
                        "visible": true
                    },
                    "margin": {
                        "enabled": true,
                        "type": "integer",
                        "value": 0,
                        "visible": true
                    },
                    "name": {
                        "enabled": true,
                        "type": "text",
                        "value": "Label_charging_screen2",
                        "visible": true
                    },
                    "padding": {
                        "enabled": true,
                        "type": "integer",
                        "value": 0,
                        "visible": true
                    },
                    "text": {
                        "enabled": true,
                        "type": "text",
                        "value": "Charging...",
                        "visible": true
                    },
                    "text_halign": {
                        "enabled": true,
                        "type": "combo",
                        "value": 1,
                        "visible": true
                    },
                    "text_valign": {
                        "enabled": true,
                        "type": "combo",
                        "value": 2,
                        "visible": true
                    },
                    "valign": {
                        "enabled": true,
                        "type": "combo",
                        "value": 0,
                        "visible": true
                    },
                    "visible": {
                        "enabled": true,
                        "type": "boolean",
                        "value": true,
                        "visible": true
                    },
                    "widget_fillflags": {
                        "enabled": true,
                        "type": "combo",
                        "value": 2,
                        "visible": true
                    },
                    "widget_font": {
                        "enabled": true,
                        "type": "font",
                        "value": {
                            "family": "Sans Serif",
                            "pointSize": 28,
                            "style": 0,
                            "weight": 50
                        },
                        "visible": true
                    },
                    "widget_palette": {
                        "enabled": true,
                        "type": "Palette",
                        "value": {
                            "active:bg": "#ffffff",
                            "active:border": "#ed192d",
                            "active:button_bg": "#c01f2a",
                            "active:button_fg": "#ed192d",
                            "active:button_text": "#ffffff",
                            "active:cursor": "#ff0000",
                            "active:label_bg": "#ffffff",
                            "active:label_text": "#808080",
                            "active:text": "#000000",
                            "active:text_highlight": "#ff69b4",
                            "checked:bg": "#ffffff",
                            "checked:border": "#ed192d",
                            "checked:button_bg": "#ed192d",
                            "checked:button_fg": "#ed192d",
                            "checked:button_text": "#ffffff",
                            "checked:cursor": "#ff0000",
                            "checked:label_bg": "#ed192d",
                            "checked:label_text": "#000000",
                            "checked:text": "#000000",
                            "checked:text_highlight": "#ff69b4",
                            "disabled:bg": "#ffffff",
                            "disabled:border": "#cbcecf",
                            "disabled:button_bg": "#cbcecf",
                            "disabled:button_fg": "#cbcecf",
                            "disabled:button_text": "#000000",
                            "disabled:cursor": "#ff0000",
                            "disabled:label_bg": "#ffffff",
                            "disabled:label_text": "#000000",
                            "disabled:text": "#989a9a",
                            "disabled:text_highlight": "#ff69b4",
                            "normal:bg": "#ffffff",
                            "normal:border": "#000000",
                            "normal:button_bg": "#ed192d",
                            "normal:button_fg": "#ed192d",
                            "normal:button_text": "#ffffff",
                            "normal:cursor": "#000000",
                            "normal:label_bg": "#000000",
                            "normal:label_text": "#ffffff",
                            "normal:text": "#000000",
                            "normal:text_highlight": "#ff69b4"
                        },
                        "visible": true
                    },
                    "width": {
                        "enabled": true,
                        "type": "integer",
                        "value": 400,
                        "visible": true
                    },
                    "x": {
                        "enabled": true,
                        "type": "integer",
                        "value": 201,
                        "visible": true
                    },
                    "y": {
                        "enabled": true,
                        "type": "integer",
                        "value": 175,
                        "visible": true
                    }
                },
                "type": "LabelWidget"
            },
            {
                "properties": {
                    "__categories": [
                        {
                            "expanded": true,
                            "id": "widget",
                            "visible": true
                        },
                        {
                            "expanded": true,
                            "id": "textwidget",
                            "visible": true
                        }
                    ],
                    "__groups": [
                        {
                            "expanded": false,
                            "id": "position",
                            "visible": true
                        },
                        {
                            "expanded": false,
                            "id": "size",
                            "visible": true
                        },
                        {
                            "expanded": false,
                            "id": "alignment",
                            "visible": true
                        },
                        {
                            "expanded": false,
                            "id": "text_alignment",
                            "visible": true
                        }
                    ],
                    "autoresize": {
                        "enabled": true,
                        "type": "boolean",
                        "value": true,
                        "visible": true
                    },
                    "border": {
                        "enabled": true,
                        "type": "integer",
                        "value": 0,
                        "visible": true
                    },
                    "border_radius": {
                        "enabled": true,
                        "type": "float",
                        "value": 0,
                        "visible": true
                    },
                    "editorExpanded": {
                        "enabled": true,
                        "type": "boolean",
                        "value": true,
                        "visible": true
                    },
                    "editorHidden": {
                        "enabled": true,
                        "type": "boolean",
                        "value": false,
                        "visible": true
                    },
                    "editorLocked": {
                        "enabled": true,
                        "type": "boolean",
                        "value": false,
                        "visible": true
                    },
                    "enabled": {
                        "enabled": true,
                        "type": "boolean",
                        "value": true,
                        "visible": true
                    },
                    "grabmouse": {
                        "enabled": true,
                        "type": "boolean",
                        "value": false,
                        "visible": true
                    },
                    "halign": {
                        "enabled": true,
                        "type": "combo",
                        "value": 0,
                        "visible": true
                    },
                    "height": {
                        "enabled": true,
                        "type": "integer",
                        "value": 70,
                        "visible": true
                    },
                    "id": {
                        "enabled": true,
                        "type": "uuid",
                        "value": "{3f0e8e92-fa7c-47b0-b7ad-a02ebc98b335}",
                        "visible": true
                    },
                    "layout": {
                        "enabled": true,
                        "type": "boolean",
                        "value": true,
                        "visible": true
                    },
                    "margin": {
                        "enabled": true,
                        "type": "integer",
                        "value": 0,
                        "visible": true
                    },
                    "name": {
                        "enabled": true,
                        "type": "text",
                        "value": "Label_remaining_screen2",
                        "visible": true
                    },
                    "padding": {
                        "enabled": true,
                        "type": "integer",
                        "value": 0,
                        "visible": true
                    },
                    "text": {
                        "enabled": true,
                        "type": "text",
                        "value": "Remaining Time",
                        "visible": true
                    },
                    "text_halign": {
                        "enabled": true,
                        "type": "combo",
                        "value": 1,
                        "visible": true
                    },
                    "text_valign": {
                        "enabled": true,
                        "type": "combo",
                        "value": 1,
                        "visible": true
                    },
                    "valign": {
                        "enabled": true,
                        "type": "combo",
                        "value": 0,
                        "visible": true
                    },
                    "visible": {
                        "enabled": true,
                        "type": "boolean",
                        "value": true,
                        "visible": true
                    },
                    "widget_fillflags": {
                        "enabled": true,
                        "type": "combo",
                        "value": 0,
                        "visible": true
                    },
                    "widget_font": {
                        "enabled": true,
                        "type": "font",
                        "value": {
                            "family": "Sans Serif",
                            "pointSize": 28,
                            "style": 0,
                            "weight": 50
                        },
                        "visible": true
                    },
                    "widget_palette": {
                        "enabled": true,
                        "type": "Palette",
                        "value": {
                            "active:bg": "#ffffff",
                            "active:border": "#ed192d",
                            "active:button_bg": "#c01f2a",
                            "active:button_fg": "#ed192d",
                            "active:button_text": "#ffffff",
                            "active:cursor": "#ff0000",
                            "active:label_bg": "#ffffff",
                            "active:label_text": "#808080",
                            "active:text": "#000000",
                            "active:text_highlight": "#ff69b4",
                            "checked:bg": "#ffffff",
                            "checked:border": "#ed192d",
                            "checked:button_bg": "#ed192d",
                            "checked:button_fg": "#ed192d",
                            "checked:button_text": "#ffffff",
                            "checked:cursor": "#ff0000",
                            "checked:label_bg": "#ed192d",
                            "checked:label_text": "#000000",
                            "checked:text": "#000000",
                            "checked:text_highlight": "#ff69b4",
                            "disabled:bg": "#ffffff",
                            "disabled:border": "#cbcecf",
                            "disabled:button_bg": "#cbcecf",
                            "disabled:button_fg": "#cbcecf",
                            "disabled:button_text": "#000000",
                            "disabled:cursor": "#ff0000",
                            "disabled:label_bg": "#ffffff",
                            "disabled:label_text": "#000000",
                            "disabled:text": "#989a9a",
                            "disabled:text_highlight": "#ff69b4",
                            "normal:bg": "#ffffff",
                            "normal:border": "#000000",
                            "normal:button_bg": "#000000",
                            "normal:button_fg": "#ed192d",
                            "normal:button_text": "#ffffff",
                            "normal:cursor": "#ff0000",
                            "normal:label_bg": "#000000",
                            "normal:label_text": "#ffffff",
                            "normal:text": "#000000",
                            "normal:text_highlight": "#ff69b4"
                        },
                        "visible": true
                    },
                    "width": {
                        "enabled": true,
                        "type": "integer",
                        "value": 274,
                        "visible": true
                    },
                    "x": {
                        "enabled": true,
                        "type": "integer",
                        "value": 275,
                        "visible": true
                    },
                    "y": {
                        "enabled": true,
                        "type": "integer",
                        "value": 203,
                        "visible": true
                    }
                },
                "type": "LabelWidget"
            },
            {
                "properties": {
                    "__categories": [
                        {
                            "expanded": true,
                            "id": "widget",
                            "visible": true
                        },
                        {
                            "expanded": true,
                            "id": "ValueRange",
                            "visible": true
                        },
                        {
                            "expanded": true,
                            "id": "ProgressBar",
                            "visible": true
                        }
                    ],
                    "__groups": [
                        {
                            "expanded": false,
                            "id": "position",
                            "visible": true
                        },
                        {
                            "expanded": false,
                            "id": "size",
                            "visible": true
                        },
                        {
                            "expanded": false,
                            "id": "alignment",
                            "visible": true
                        }
                    ],
                    "autoresize": {
                        "enabled": true,
                        "type": "boolean",
                        "value": false,
                        "visible": true
                    },
                    "border": {
                        "enabled": true,
                        "type": "integer",
                        "value": 0,
                        "visible": true
                    },
                    "border_radius": {
                        "enabled": true,
                        "type": "float",
                        "value": 0,
                        "visible": true
                    },
                    "editorExpanded": {
                        "enabled": true,
                        "type": "boolean",
                        "value": true,
                        "visible": true
                    },
                    "editorHidden": {
                        "enabled": true,
                        "type": "boolean",
                        "value": false,
                        "visible": true
                    },
                    "editorLocked": {
                        "enabled": true,
                        "type": "boolean",
                        "value": false,
                        "visible": true
                    },
                    "enabled": {
                        "enabled": true,
                        "type": "boolean",
                        "value": true,
                        "visible": true
                    },
                    "grabmouse": {
                        "enabled": true,
                        "type": "boolean",
                        "value": false,
                        "visible": true
                    },
                    "halign": {
                        "enabled": true,
                        "type": "combo",
                        "value": 0,
                        "visible": true
                    },
                    "height": {
                        "enabled": true,
                        "type": "integer",
                        "value": 55,
                        "visible": true
                    },
                    "id": {
                        "enabled": true,
                        "type": "uuid",
                        "value": "{12e78c89-adf9-4fe8-9bd9-f52d2008e297}",
                        "visible": true
                    },
                    "layout": {
                        "enabled": true,
                        "type": "boolean",
                        "value": false,
                        "visible": true
                    },
                    "margin": {
                        "enabled": true,
                        "type": "integer",
                        "value": 0,
                        "visible": true
                    },
                    "name": {
                        "enabled": true,
                        "type": "text",
                        "value": "Screen_saver_ProgressBar",
                        "visible": true
                    },
                    "padding": {
                        "enabled": true,
                        "type": "integer",
                        "value": 0,
                        "visible": true
                    },
                    "progressbar_show_label": {
                        "enabled": true,
                        "type": "boolean",
                        "value": false,
                        "visible": true
                    },
                    "progressbar_show_percent": {
                        "enabled": true,
                        "type": "boolean",
                        "value": false,
                        "visible": true
                    },
                    "valign": {
                        "enabled": true,
                        "type": "combo",
                        "value": 0,
                        "visible": true
                    },
                    "visible": {
                        "enabled": true,
                        "type": "boolean",
                        "value": true,
                        "visible": true
                    },
                    "vr_ending": {
                        "enabled": true,
                        "type": "integer",
                        "value": 100,
                        "visible": true
                    },
                    "vr_starting": {
                        "enabled": true,
                        "type": "integer",
                        "value": 0,
                        "visible": true
                    },
                    "vr_value": {
                        "enabled": true,
                        "type": "integer",
                        "value": 50,
                        "visible": true
                    },
                    "widget_fillflags": {
                        "enabled": true,
                        "type": "combo",
                        "value": 0,
                        "visible": true
                    },
                    "widget_font": {
                        "enabled": true,
                        "type": "font",
                        "visible": true
                    },
                    "widget_palette": {
                        "enabled": true,
                        "type": "Palette",
                        "visible": true
                    },
                    "width": {
                        "enabled": true,
                        "type": "integer",
                        "value": 137,
                        "visible": true
                    },
                    "x": {
                        "enabled": true,
                        "type": "integer",
                        "value": 310,
                        "visible": true
                    },
                    "y": {
                        "enabled": true,
                        "type": "integer",
                        "value": 361,
                        "visible": true
                    }
                },
                "type": "ProgressBar"
            },
            {
                "properties": {
                    "__categories": [
                        {
                            "expanded": true,
                            "id": "widget",
                            "visible": true
                        },
                        {
                            "expanded": true,
                            "id": "textwidget",
                            "visible": true
                        }
                    ],
                    "__groups": [
                        {
                            "expanded": false,
                            "id": "position",
                            "visible": true
                        },
                        {
                            "expanded": false,
                            "id": "size",
                            "visible": true
                        },
                        {
                            "expanded": false,
                            "id": "alignment",
                            "visible": true
                        },
                        {
                            "expanded": false,
                            "id": "text_alignment",
                            "visible": true
                        }
                    ],
                    "autoresize": {
                        "enabled": true,
                        "type": "boolean",
                        "value": true,
                        "visible": true
                    },
                    "border": {
                        "enabled": true,
                        "type": "integer",
                        "value": 0,
                        "visible": true
                    },
                    "border_radius": {
                        "enabled": true,
                        "type": "float",
                        "value": 30,
                        "visible": true
                    },
                    "editorExpanded": {
                        "enabled": true,
                        "type": "boolean",
                        "value": true,
                        "visible": true
                    },
                    "editorHidden": {
                        "enabled": true,
                        "type": "boolean",
                        "value": false,
                        "visible": true
                    },
                    "editorLocked": {
                        "enabled": true,
                        "type": "boolean",
                        "value": false,
                        "visible": true
                    },
                    "enabled": {
                        "enabled": true,
                        "type": "boolean",
                        "value": true,
                        "visible": true
                    },
                    "grabmouse": {
                        "enabled": true,
                        "type": "boolean",
                        "value": false,
                        "visible": true
                    },
                    "halign": {
                        "enabled": true,
                        "type": "combo",
                        "value": 0,
                        "visible": true
                    },
                    "height": {
                        "enabled": true,
                        "type": "integer",
                        "value": 100,
                        "visible": true
                    },
                    "id": {
                        "enabled": true,
                        "type": "uuid",
                        "value": "{79b18081-f5e2-4af5-9c17-3d63b4016af4}",
                        "visible": true
                    },
                    "layout": {
                        "enabled": true,
                        "type": "boolean",
                        "value": true,
                        "visible": true
                    },
                    "margin": {
                        "enabled": true,
                        "type": "integer",
                        "value": 0,
                        "visible": true
                    },
                    "name": {
                        "enabled": true,
                        "type": "text",
                        "value": "Battery_charged_value_screen_saver",
                        "visible": true
                    },
                    "padding": {
                        "enabled": true,
                        "type": "integer",
                        "value": 0,
                        "visible": true
                    },
                    "text": {
                        "enabled": true,
                        "type": "text",
                        "value": "25%",
                        "visible": true
                    },
                    "text_halign": {
                        "enabled": true,
                        "type": "combo",
                        "value": 1,
                        "visible": true
                    },
                    "text_valign": {
                        "enabled": true,
                        "type": "combo",
                        "value": 1,
                        "visible": true
                    },
                    "valign": {
                        "enabled": true,
                        "type": "combo",
                        "value": 0,
                        "visible": true
                    },
                    "visible": {
                        "enabled": true,
                        "type": "boolean",
                        "value": true,
                        "visible": true
                    },
                    "widget_fillflags": {
                        "enabled": true,
                        "type": "combo",
                        "value": 2,
                        "visible": true
                    },
                    "widget_font": {
                        "enabled": true,
                        "type": "font",
                        "value": {
                            "family": "Sans Serif",
                            "pointSize": 28,
                            "style": 0,
                            "weight": 50
                        },
                        "visible": true
                    },
                    "widget_palette": {
                        "enabled": true,
                        "type": "Palette",
                        "value": {
                            "active:bg": "#ffffff",
                            "active:border": "#ed192d",
                            "active:button_bg": "#c01f2a",
                            "active:button_fg": "#ed192d",
                            "active:button_text": "#ffffff",
                            "active:cursor": "#ff0000",
                            "active:label_bg": "#ffffff",
                            "active:label_text": "#808080",
                            "active:text": "#000000",
                            "active:text_highlight": "#ff69b4",
                            "checked:bg": "#ffffff",
                            "checked:border": "#ed192d",
                            "checked:button_bg": "#ed192d",
                            "checked:button_fg": "#ed192d",
                            "checked:button_text": "#ffffff",
                            "checked:cursor": "#ff0000",
                            "checked:label_bg": "#ed192d",
                            "checked:label_text": "#000000",
                            "checked:text": "#000000",
                            "checked:text_highlight": "#ff69b4",
                            "disabled:bg": "#ffffff",
                            "disabled:border": "#cbcecf",
                            "disabled:button_bg": "#cbcecf",
                            "disabled:button_fg": "#cbcecf",
                            "disabled:button_text": "#000000",
                            "disabled:cursor": "#ff0000",
                            "disabled:label_bg": "#ffffff",
                            "disabled:label_text": "#000000",
                            "disabled:text": "#989a9a",
                            "disabled:text_highlight": "#ff69b4",
                            "normal:bg": "#ffffff",
                            "normal:border": "#ed192d",
                            "normal:button_bg": "#ed192d",
                            "normal:button_fg": "#ed192d",
                            "normal:button_text": "#ffffff",
                            "normal:cursor": "#ff0000",
                            "normal:label_bg": "#000000",
                            "normal:label_text": "#ffffff",
                            "normal:text": "#000000",
                            "normal:text_highlight": "#ff69b4"
                        },
                        "visible": true
                    },
                    "width": {
                        "enabled": true,
                        "type": "integer",
                        "value": 114,
                        "visible": true
                    },
                    "x": {
                        "enabled": true,
                        "type": "integer",
                        "value": 480,
                        "visible": true
                    },
                    "y": {
                        "enabled": true,
                        "type": "integer",
                        "value": 336,
                        "visible": true
                    }
                },
                "type": "LabelWidget"
            },
            {
                "properties": {
                    "__categories": [
                        {
                            "expanded": true,
                            "id": "widget",
                            "visible": true
                        },
                        {
                            "expanded": true,
                            "id": "textwidget",
                            "visible": true
                        },
                        {
                            "expanded": true,
                            "id": "imageholder",
                            "visible": true
                        }
                    ],
                    "__groups": [
                        {
                            "expanded": false,
                            "id": "position",
                            "visible": true
                        },
                        {
                            "expanded": false,
                            "id": "size",
                            "visible": true
                        },
                        {
                            "expanded": false,
                            "id": "alignment",
                            "visible": true
                        },
                        {
                            "expanded": false,
                            "id": "text_alignment",
                            "visible": true
                        },
                        {
                            "expanded": false,
                            "id": "imageholder_scale",
                            "visible": true
                        }
                    ],
                    "autoresize": {
                        "enabled": true,
                        "type": "boolean",
                        "value": true,
                        "visible": true
                    },
                    "border": {
                        "enabled": true,
                        "type": "integer",
                        "value": 0,
                        "visible": true
                    },
                    "border_radius": {
                        "enabled": true,
                        "type": "float",
                        "value": 0,
                        "visible": true
                    },
                    "editorExpanded": {
                        "enabled": true,
                        "type": "boolean",
                        "value": true,
                        "visible": true
                    },
                    "editorHidden": {
                        "enabled": true,
                        "type": "boolean",
                        "value": false,
                        "visible": true
                    },
                    "editorLocked": {
                        "enabled": true,
                        "type": "boolean",
                        "value": false,
                        "visible": true
                    },
                    "enabled": {
                        "enabled": true,
                        "type": "boolean",
                        "value": true,
                        "visible": true
                    },
                    "grabmouse": {
                        "enabled": true,
                        "type": "boolean",
                        "value": false,
                        "visible": true
                    },
                    "halign": {
                        "enabled": true,
                        "type": "combo",
                        "value": 0,
                        "visible": true
                    },
                    "height": {
                        "enabled": true,
                        "type": "integer",
                        "value": 84,
                        "visible": true
                    },
                    "id": {
                        "enabled": true,
                        "type": "uuid",
                        "value": "{3807ea3e-ba2a-453b-b267-4135e250e2a6}",
                        "visible": true
                    },
                    "imageholder_auto_scale_image": {
                        "enabled": true,
                        "type": "boolean",
                        "value": true,
                        "visible": true
                    },
                    "imageholder_hscale": {
                        "enabled": false,
                        "type": "float",
                        "value": 0.40833333134651184,
                        "visible": true
                    },
                    "imageholder_image_align": {
                        "enabled": true,
                        "type": "combo",
                        "value": 1,
                        "visible": true
                    },
                    "imageholder_keep_image_ratio": {
                        "enabled": true,
                        "type": "boolean",
                        "value": true,
                        "visible": true
                    },
                    "imageholder_show_label": {
                        "enabled": true,
                        "type": "boolean",
                        "value": false,
                        "visible": true
                    },
                    "imageholder_uri": {
                        "enabled": true,
                        "type": "image",
                        "value": "file:egt_ressource/mchp_logo.png",
                        "visible": true
                    },
                    "imageholder_vscale": {
                        "enabled": false,
                        "type": "float",
                        "value": 0.4166666567325592,
                        "visible": true
                    },
                    "layout": {
                        "enabled": true,
                        "type": "boolean",
                        "value": true,
                        "visible": true
                    },
                    "margin": {
                        "enabled": true,
                        "type": "integer",
                        "value": 0,
                        "visible": true
                    },
                    "name": {
                        "enabled": true,
                        "type": "text",
                        "value": "ImageLabel57",
                        "visible": true
                    },
                    "padding": {
                        "enabled": true,
                        "type": "integer",
                        "value": 0,
                        "visible": true
                    },
                    "text": {
                        "enabled": true,
                        "type": "text",
                        "value": "ImageLabel57",
                        "visible": true
                    },
                    "text_halign": {
                        "enabled": true,
                        "type": "combo",
                        "value": 1,
                        "visible": true
                    },
                    "text_valign": {
                        "enabled": true,
                        "type": "combo",
                        "value": 1,
                        "visible": true
                    },
                    "valign": {
                        "enabled": true,
                        "type": "combo",
                        "value": 0,
                        "visible": true
                    },
                    "visible": {
                        "enabled": true,
                        "type": "boolean",
                        "value": true,
                        "visible": true
                    },
                    "widget_fillflags": {
                        "enabled": true,
                        "type": "combo",
                        "value": 0,
                        "visible": true
                    },
                    "widget_font": {
                        "enabled": true,
                        "type": "font",
                        "visible": true
                    },
                    "widget_palette": {
                        "enabled": true,
                        "type": "Palette",
                        "visible": true
                    },
                    "width": {
                        "enabled": true,
                        "type": "integer",
                        "value": 147,
                        "visible": true
                    },
                    "x": {
                        "enabled": true,
                        "type": "integer",
                        "value": 13,
                        "visible": true
                    },
                    "y": {
                        "enabled": true,
                        "type": "integer",
                        "value": -20,
                        "visible": true
                    }
                },
                "type": "ImageLabelWidget"
            },
            {
                "properties": {
                    "__categories": [
                        {
                            "expanded": true,
                            "id": "widget",
                            "visible": true
                        },
                        {
                            "expanded": true,
                            "id": "textwidget",
                            "visible": true
                        },
                        {
                            "expanded": true,
                            "id": "imageholder",
                            "visible": true
                        }
                    ],
                    "__groups": [
                        {
                            "expanded": false,
                            "id": "position",
                            "visible": true
                        },
                        {
                            "expanded": false,
                            "id": "size",
                            "visible": true
                        },
                        {
                            "expanded": false,
                            "id": "alignment",
                            "visible": true
                        },
                        {
                            "expanded": false,
                            "id": "text_alignment",
                            "visible": true
                        },
                        {
                            "expanded": false,
                            "id": "imageholder_scale",
                            "visible": true
                        }
                    ],
                    "autoresize": {
                        "enabled": true,
                        "type": "boolean",
                        "value": true,
                        "visible": true
                    },
                    "border": {
                        "enabled": true,
                        "type": "integer",
                        "value": 0,
                        "visible": true
                    },
                    "border_radius": {
                        "enabled": true,
                        "type": "float",
                        "value": 0,
                        "visible": true
                    },
                    "editorExpanded": {
                        "enabled": true,
                        "type": "boolean",
                        "value": true,
                        "visible": true
                    },
                    "editorHidden": {
                        "enabled": true,
                        "type": "boolean",
                        "value": false,
                        "visible": true
                    },
                    "editorLocked": {
                        "enabled": true,
                        "type": "boolean",
                        "value": false,
                        "visible": true
                    },
                    "enabled": {
                        "enabled": true,
                        "type": "boolean",
                        "value": true,
                        "visible": true
                    },
                    "grabmouse": {
                        "enabled": true,
                        "type": "boolean",
                        "value": false,
                        "visible": true
                    },
                    "halign": {
                        "enabled": true,
                        "type": "combo",
                        "value": 0,
                        "visible": true
                    },
                    "height": {
                        "enabled": true,
                        "type": "integer",
                        "value": 194,
                        "visible": true
                    },
                    "id": {
                        "enabled": true,
                        "type": "uuid",
                        "value": "{2bb92f6a-e3aa-4a94-8da3-d9562be7eb3a}",
                        "visible": true
                    },
                    "imageholder_auto_scale_image": {
                        "enabled": true,
                        "type": "boolean",
                        "value": true,
                        "visible": true
                    },
                    "imageholder_hscale": {
                        "enabled": false,
                        "type": "float",
                        "value": 0.26675787568092346,
                        "visible": true
                    },
                    "imageholder_image_align": {
                        "enabled": true,
                        "type": "combo",
                        "value": 1,
                        "visible": true
                    },
                    "imageholder_keep_image_ratio": {
                        "enabled": true,
                        "type": "boolean",
                        "value": true,
                        "visible": true
                    },
                    "imageholder_show_label": {
                        "enabled": true,
                        "type": "boolean",
                        "value": false,
                        "visible": true
                    },
                    "imageholder_uri": {
                        "enabled": true,
                        "type": "image",
                        "value": "file:egt_ressource/Battery_horizontal.png",
                        "visible": true
                    },
                    "imageholder_vscale": {
                        "enabled": false,
                        "type": "float",
                        "value": 0.26538988947868347,
                        "visible": true
                    },
                    "layout": {
                        "enabled": true,
                        "type": "boolean",
                        "value": true,
                        "visible": true
                    },
                    "margin": {
                        "enabled": true,
                        "type": "integer",
                        "value": 0,
                        "visible": true
                    },
                    "name": {
                        "enabled": true,
                        "type": "text",
                        "value": "ImageLabel58",
                        "visible": true
                    },
                    "padding": {
                        "enabled": true,
                        "type": "integer",
                        "value": 0,
                        "visible": true
                    },
                    "text": {
                        "enabled": true,
                        "type": "text",
                        "value": "ImageLabel58",
                        "visible": true
                    },
                    "text_halign": {
                        "enabled": true,
                        "type": "combo",
                        "value": 1,
                        "visible": true
                    },
                    "text_valign": {
                        "enabled": true,
                        "type": "combo",
                        "value": 1,
                        "visible": true
                    },
                    "valign": {
                        "enabled": true,
                        "type": "combo",
                        "value": 0,
                        "visible": true
                    },
                    "visible": {
                        "enabled": true,
                        "type": "boolean",
                        "value": true,
                        "visible": true
                    },
                    "widget_fillflags": {
                        "enabled": true,
                        "type": "combo",
                        "value": 0,
                        "visible": true
                    },
                    "widget_font": {
                        "enabled": true,
                        "type": "font",
                        "visible": true
                    },
                    "widget_palette": {
                        "enabled": true,
                        "type": "Palette",
                        "visible": true
                    },
                    "width": {
                        "enabled": true,
                        "type": "integer",
                        "value": 329,
                        "visible": true
                    },
                    "x": {
                        "enabled": true,
                        "type": "integer",
                        "value": 217,
                        "visible": true
                    },
                    "y": {
                        "enabled": true,
                        "type": "integer",
                        "value": 293,
                        "visible": true
                    }
                },
                "type": "ImageLabelWidget"
            }
        ],
        "properties": {
            "__categories": [
                {
                    "expanded": true,
                    "id": "widget",
                    "visible": true
                },
                {
                    "expanded": true,
                    "id": "window",
                    "visible": true
                }
            ],
            "__groups": [
                {
                    "expanded": false,
                    "id": "position",
                    "visible": true
                },
                {
                    "expanded": false,
                    "id": "size",
                    "visible": true
                },
                {
                    "expanded": false,
                    "id": "alignment",
                    "visible": true
                }
            ],
            "autoresize": {
                "enabled": true,
                "type": "boolean",
                "value": true,
                "visible": true
            },
            "border": {
                "enabled": true,
                "type": "integer",
                "value": 0,
                "visible": true
            },
            "border_radius": {
                "enabled": true,
                "type": "float",
                "value": 0,
                "visible": true
            },
            "editorExpanded": {
                "enabled": true,
                "type": "boolean",
                "value": true,
                "visible": true
            },
            "editorHidden": {
                "enabled": true,
                "type": "boolean",
                "value": false,
                "visible": true
            },
            "editorLocked": {
                "enabled": true,
                "type": "boolean",
                "value": false,
                "visible": true
            },
            "enabled": {
                "enabled": true,
                "type": "boolean",
                "value": true,
                "visible": true
            },
            "grabmouse": {
                "enabled": true,
                "type": "boolean",
                "value": false,
                "visible": true
            },
            "halign": {
                "enabled": true,
                "type": "combo",
                "value": 0,
                "visible": true
            },
            "height": {
                "enabled": true,
                "type": "integer",
                "value": 482,
                "visible": true
            },
            "id": {
                "enabled": true,
                "type": "uuid",
                "value": "{baad7332-5d93-46e4-bc6e-d798afa2cee9}",
                "visible": true
            },
            "layout": {
                "enabled": true,
                "type": "boolean",
                "value": true,
                "visible": true
            },
            "margin": {
                "enabled": true,
                "type": "integer",
                "value": 0,
                "visible": true
            },
            "name": {
                "enabled": true,
                "type": "text",
                "value": "Screen_saver_window",
                "visible": true
            },
            "padding": {
                "enabled": true,
                "type": "integer",
                "value": 0,
                "visible": true
            },
            "pixel_format": {
                "enabled": true,
                "type": "combo",
                "value": 1,
                "visible": true
            },
            "valign": {
                "enabled": true,
                "type": "combo",
                "value": 0,
                "visible": true
            },
            "visible": {
                "enabled": true,
                "type": "boolean",
                "value": false,
                "visible": true
            },
            "widget_fillflags": {
                "enabled": true,
                "type": "combo",
                "value": 1,
                "visible": true
            },
            "widget_font": {
                "enabled": true,
                "type": "font",
                "visible": true
            },
            "widget_palette": {
                "enabled": true,
                "type": "Palette",
                "visible": true
            },
            "width": {
                "enabled": true,
                "type": "integer",
                "value": 804,
                "visible": true
            },
            "window_hint": {
                "enabled": true,
                "type": "combo",
                "value": 0,
                "visible": true
            },
            "x": {
                "enabled": true,
                "type": "integer",
                "value": -1,
                "visible": true
            },
            "y": {
                "enabled": true,
                "type": "integer",
                "value": -1,
                "visible": true
            }
        },
        "type": "ScreenWindowWidget"
    }
}
