{
    "CANVAS_HEIGHT": {
        "enabled": true,
        "type": "integer",
        "value": 400,
        "visible": true
    },
    "CANVAS_WIDTH": {
        "enabled": true,
        "type": "integer",
        "value": 400,
        "visible": true
    },
    "EGT_SEARCH_PATH": {
        "enabled": true,
        "type": "text",
        "value": "/home/training/egt/icons",
        "visible": true
    },
    "GK_GLOBAL_FONT": {
        "enabled": true,
        "type": "font",
        "visible": true
    },
    "GK_GLOBAL_PALETTE": {
        "enabled": true,
        "type": "Palette",
        "visible": true
    },
    "GK_GLOBAL_THEME": {
        "enabled": true,
        "type": "text",
        "value": "DefaultTheme",
        "visible": true
    },
    "GRID_TOGGLED": {
        "enabled": true,
        "type": "boolean",
        "value": true,
        "visible": true
    },
    "GRID_X": {
        "enabled": true,
        "type": "integer",
        "value": 10,
        "visible": true
    },
    "GRID_Y": {
        "enabled": true,
        "type": "integer",
        "value": 10,
        "visible": true
    },
    "SCREEN_DESIGNER_HEIGHT_PADDING": {
        "enabled": true,
        "type": "integer",
        "value": 100,
        "visible": true
    },
    "SCREEN_DESIGNER_WIDTH_PADDING": {
        "enabled": true,
        "type": "integer",
        "value": 100,
        "visible": true
    },
    "SCREEN_HEIGHT": {
        "enabled": true,
        "type": "integer",
        "value": 480,
        "visible": true
    },
    "SCREEN_WIDTH": {
        "enabled": true,
        "type": "integer",
        "value": 800,
        "visible": true
    },
    "SNAP_TOGGLED": {
        "enabled": true,
        "type": "boolean",
        "value": false,
        "visible": true
    },
    "ZOOM_LEVEL": {
        "enabled": true,
        "type": "integer",
        "value": 1,
        "visible": true
    },
    "__categories": [
    ],
    "__groups": [
    ]
}
